epoch,train_loss,train_acc,val_loss,val_acc,val_auc
1,1.1743,0.7224,0.6408,0.8165,0.8921
2,0.5459,0.8502,0.4862,0.9009,0.9616
3,0.4897,0.8898,0.4566,0.9176,0.9741
4,0.4622,0.9109,0.4435,0.9273,0.9735
5,0.4448,0.9237,0.4343,0.9333,0.978
6,0.4338,0.9331,0.43,0.9349,0.9768
7,0.4213,0.9408,0.4244,0.9412,0.9773
8,0.4112,0.9473,0.4189,0.941,0.981
9,0.404,0.9535,0.4167,0.9442,0.9811
10,0.3958,0.9594,0.414,0.9468,0.9802
11,0.3896,0.9644,0.4154,0.9455,0.9831
12,0.3828,0.9686,0.4149,0.9453,0.9778
13,0.3782,0.9722,0.4059,0.9507,0.9824
14,0.3753,0.9738,0.4131,0.9477,0.9815
15,0.3711,0.9774,0.4112,0.9486,0.979
