binary_trained,ensemble,exif_forensics,frequency,label,model_lattice,patch_cnn,source,verdict
0.8094088435173035,0.6178938648315324,0.44999999999999996,0.20545528616224015,1,0.44999999999999996,0.8726284158005867,dalle2,likely_ai
0.12125319242477417,0.4599758673851266,0.44999999999999996,0.6487427420708132,1,0.44999999999999996,0.893628177253065,dalle2,inconclusive
0.22053930163383484,0.4205094339083486,0.44999999999999996,0.19020538330078124,1,0.3,0.9266355254406001,dalle2,inconclusive
0.49829593300819397,0.5592267733603684,0.44999999999999996,0.5522061244323084,1,0.44999999999999996,0.8725869050733968,dalle2,inconclusive
0.4181611239910126,0.5064381382990106,0.44999999999999996,0.23682285376957485,1,0.44999999999999996,0.8865375786237468,dalle2,inconclusive
0.7269357442855835,0.6404540389885718,0.44999999999999996,0.45466193593117854,1,0.44999999999999996,0.9845356105488945,dalle2,likely_ai
0.07652054727077484,0.45295616418123247,0.44999999999999996,0.5,1,0.44999999999999996,1.0,dalle2,inconclusive
0.07112733274698257,0.5559697399837921,0.44999999999999996,0.6253618887492588,1,1.0,0.9104767564238572,dalle2,inconclusive
0.867723822593689,0.6687710878547708,0.44999999999999996,0.40236740112304686,1,0.44999999999999996,0.941086004821797,dalle2,likely_ai
0.09233038127422333,0.4326265988147963,0.44999999999999996,0.43149592902227524,1,0.44999999999999996,0.9088894576515087,dalle2,inconclusive
0.17744667828083038,0.4703742608765971,0.44999999999999996,0.5521686820547353,1,0.44999999999999996,0.9096169459343724,dalle2,inconclusive
0.7255105376243591,0.6410988591613456,0.44999999999999996,0.7251679420471191,1,0.44999999999999996,0.8546445183466294,dalle2,likely_ai
0.37757647037506104,0.5394670842372967,0.44999999999999996,0.7458176851272583,1,0.44999999999999996,0.858061873060263,dalle2,inconclusive
0.9005241990089417,0.6548185268323671,0.44999999999999996,0.19144448552812848,1,0.44999999999999996,0.9275840928843588,dalle2,likely_ai
0.0607462003827095,0.41765703815048333,0.44999999999999996,0.3423924922943115,1,0.44999999999999996,0.9259696440311964,dalle2,inconclusive
0.8922247886657715,0.6764703419128969,0.44999999999999996,0.39027892348275184,1,0.44999999999999996,0.9488750648244515,dalle2,likely_ai
0.22287489473819733,0.4768632361679733,0.44999999999999996,0.6213861972632432,1,0.44999999999999996,0.8393107401009491,dalle2,inconclusive
0.8885313272476196,0.6457627374381596,0.44999999999999996,0.3228762565723364,1,0.44999999999999996,0.8345785680332003,dalle2,likely_ai
0.1401778608560562,0.4530295007995197,0.44999999999999996,0.3097614254270281,1,0.44999999999999996,1.0,dalle2,inconclusive
0.25249841809272766,0.4340951119951963,0.44999999999999996,0.20827567917960033,1,0.3,0.9375900932470898,dalle2,inconclusive
0.9141878485679626,0.6976905115573059,0.44999999999999996,0.7356835842132569,1,0.44999999999999996,0.8493289928279572,dalle2,likely_ai
0.2787621319293976,0.5080647035492477,0.44999999999999996,0.7203477450374371,1,0.44999999999999996,0.8620064473334238,dalle2,inconclusive
0.12614032626152039,0.4376596004353977,0.44999999999999996,0.39520396505083355,1,0.44999999999999996,0.901485530259291,dalle2,inconclusive
0.8796348571777344,0.6540660990083371,0.44999999999999996,0.3019815513065883,1,0.44999999999999996,0.8998874336217897,dalle2,likely_ai
0.8805606365203857,0.6988815804509785,0.44999999999999996,0.7608240569009964,1,0.44999999999999996,0.8931549190238155,dalle2,likely_ai
0.8310500383377075,0.6663479960220504,0.44999999999999996,0.6910271236374463,1,0.44999999999999996,0.8396513607849676,dalle2,likely_ai
0.22415581345558167,0.4121339757368634,0.44999999999999996,0.18534720454897202,1,0.3,0.8817625562264584,dalle2,inconclusive
0.05624116584658623,0.3726025622919024,0.44999999999999996,0.15165351969855173,1,0.3,0.9528243028403569,dalle2,inconclusive
0.8078314065933228,0.6496894349776647,0.44999999999999996,0.3339307546615601,1,0.44999999999999996,0.9697346876675594,dalle2,likely_ai
0.8924742937088013,0.6921235315671366,0.44999999999999996,0.7382150418618894,1,0.44999999999999996,0.8527986963415364,dalle2,likely_ai
0.9132956862449646,0.589401317492088,0.0,0.34303788457598006,1,0.44999999999999996,0.9555441158050029,dalle3,inconclusive
0.8949034810066223,0.5569048055580684,0.0,0.28433761256081713,1,0.3,1.0,dalle3,inconclusive
0.8911858201026917,0.5418961373305344,0.0,0.18509793622153148,1,0.3,0.9801529883878691,dalle3,inconclusive
0.8054786920547485,0.5633500372631187,0.0,0.419046425819397,1,0.44999999999999996,0.9490089353237723,dalle3,inconclusive
0.7922022938728333,0.6613442651252607,0.0,0.3257713794708252,1,1.0,0.9555321950816411,dalle3,likely_ai
0.9054648876190186,0.6032620952045022,0.0,0.6877824732792083,1,0.44999999999999996,0.8642219079543791,dalle3,likely_ai
0.9182987809181213,0.568040756518233,0.0,0.20100570065634593,1,0.44999999999999996,0.9122527608858106,dalle3,inconclusive
0.8726937174797058,0.542850281334143,0.0,0.2951981919152396,1,0.3,0.9576117344935369,dalle3,inconclusive
0.9081291556358337,0.6768652870887077,0.0,0.29916895117078507,1,1.0,0.8725482264043956,dalle3,likely_ai
0.8715458512306213,0.5954883420467376,0.0,0.4402458667755127,1,0.44999999999999996,1.0,dalle3,inconclusive
0.8401486873626709,0.5818626136639279,0.0,0.7524517245063466,1,0.44999999999999996,0.8228641750224597,dalle3,inconclusive
0.10912979394197464,0.3328903457859627,0.0,0.23210419416427613,1,0.44999999999999996,0.9347049409347135,dalle3,inconclusive
0.5615725517272949,0.4352684655165467,0.0,0.2009340524673462,1,0.3,0.9335164737581181,dalle3,inconclusive
0.9170624613761902,0.5835983764911662,0.0,0.3240532772881644,1,0.44999999999999996,0.9303715517474636,dalle3,inconclusive
0.8964707255363464,0.6110632918861911,0.0,0.5212207422528724,1,0.44999999999999996,1.0,dalle3,likely_ai
0.9121595621109009,0.6160522009503804,0.0,0.6766815829985512,1,0.44999999999999996,0.9236808700862751,dalle3,likely_ai
0.9000216126441956,0.5704462470144857,0.0,0.23989048685346331,1,0.44999999999999996,0.9322535726794032,dalle3,inconclusive
0.9245784878730774,0.5887744248338329,0.0,0.3117116215387117,1,0.44999999999999996,0.951148581590193,dalle3,inconclusive
0.9011641144752502,0.5782603244111035,0.0,0.2795180888549088,1,0.44999999999999996,0.949796405915188,dalle3,inconclusive
0.9261807799339294,0.5912304179569003,0.0,0.3423525094985962,1,0.44999999999999996,0.9457046651343095,dalle3,inconclusive
0.8978896737098694,0.6848071427274756,0.0,0.2909535135541643,1,1.0,0.9317244462954912,dalle3,likely_ai
0.9013877511024475,0.5411528341153331,0.0,0.1941206387111119,1,0.3,0.9566222245674383,dalle3,inconclusive
0.9282035231590271,0.5570166547861185,0.0,0.2555961642946516,1,0.3,0.9649799070447264,dalle3,inconclusive
0.8998208045959473,0.5753298631375902,0.0,0.27235371044703893,1,0.44999999999999996,0.9407412535705106,dalle3,inconclusive
0.9111008048057556,0.589802248108075,0.0,0.31492415836879184,1,0.44999999999999996,0.9748979541473457,dalle3,inconclusive
0.9280030131340027,0.6081591093540192,0.0,0.3975820541381836,1,0.44999999999999996,1.0,dalle3,likely_ai
0.9093786478042603,0.5496987030968186,0.0,0.2592124019350325,1,0.3,0.9548193428101863,dalle3,inconclusive
0.905291736125946,0.5944226365132236,0.0,0.3931468108420917,1,0.44999999999999996,0.9676021729561527,dalle3,inconclusive
0.8633734583854675,0.5141841518878937,0.0,0.2517211437225342,1,0.15,1.0,dalle3,inconclusive
0.917913019657135,0.5702940621610987,0.0,0.319970212663923,1,0.44999999999999996,0.8646156749878295,dalle3,inconclusive
0.3648141324520111,0.38521838297426747,0.0,0.25910714694431847,1,0.3,0.9493171427211613,firefly,inconclusive
0.31997251510620117,0.4378714030391282,0.0,0.7076067034678393,1,0.44999999999999996,0.9055948908024196,firefly,inconclusive
0.16825301945209503,0.3658150080968051,0.0,0.5199834860204369,1,0.44999999999999996,0.8667037682956646,firefly,inconclusive
0.2174970656633377,0.38867733313974956,0.0,0.5025314309514253,1,0.44999999999999996,0.9158753517280285,firefly,inconclusive
0.8508328795433044,0.575089258767221,0.0,0.32862845196828205,1,0.44999999999999996,0.9848827485370073,firefly,inconclusive
0.4819721281528473,0.46650206101219027,0.0,0.3494297504425049,1,0.44999999999999996,0.984837237610428,firefly,inconclusive
0.06362295150756836,0.3434067670276998,0.0,0.6075656580916632,1,0.44999999999999996,0.8678165788313148,firefly,inconclusive
0.6350675821304321,0.48690228919484896,0.0,0.40677566418102484,1,0.44999999999999996,0.8285222406880841,firefly,inconclusive
0.8085194826126099,0.5667994211587762,0.0,0.4108077464564814,1,0.44999999999999996,0.965814008646726,firefly,inconclusive
0.20696789026260376,0.36910428499138953,0.0,0.2025248748915536,1,0.44999999999999996,0.9838071521172651,firefly,inconclusive
0.8952574729919434,0.5987948167968185,0.0,0.41290663991655624,1,0.44999999999999996,0.9946345545378992,firefly,inconclusive
0.5543189644813538,0.49514212570805227,0.0,0.793322153144606,1,0.44999999999999996,0.7975711052459277,firefly,inconclusive
0.17912350594997406,0.3486319782593826,0.0,0.2865321976797921,1,0.44999999999999996,0.8812085335320556,firefly,inconclusive
0.33739107847213745,0.40942397264131003,0.0,0.21883239916392735,1,0.44999999999999996,0.9816170459163804,firefly,inconclusive
0.5029497742652893,0.4681990682643508,0.0,0.2897895540509905,1,0.44999999999999996,0.9916759028983249,firefly,inconclusive
0.8041379451751709,0.5754553529194423,0.0,0.4421396936689104,1,0.44999999999999996,1.0,firefly,inconclusive
0.7488676905632019,0.5135855557609915,0.0,0.3350171872547695,1,0.3,0.9771176493327699,firefly,inconclusive
0.19372616708278656,0.36575841749737426,0.0,0.27482873031071253,1,0.44999999999999996,0.950788471707335,firefly,inconclusive
0.7154330015182495,0.5329471204600313,0.0,0.5477171145936167,1,0.44999999999999996,0.867727542725974,firefly,inconclusive
0.06915857642889023,0.30511454706324537,0.0,0.4579540545862891,1,0.3,0.8928578433797469,firefly,inconclusive
0.13691647350788116,0.3842237456521083,0.0,0.8,1,0.44999999999999996,0.8657440179987196,firefly,inconclusive
0.760563313961029,0.5345187461130055,0.0,0.3189127308981759,1,0.44999999999999996,0.9222923941743959,firefly,inconclusive
0.10681521147489548,0.34171679619740203,0.0,0.4737429886888531,1,0.44999999999999996,0.8614896694302404,firefly,inconclusive
0.8832445740699768,0.5430411981304901,0.0,0.2103542140551976,1,0.3,0.9851620225198863,firefly,inconclusive
0.9094544053077698,0.6946613712021982,0.0,0.27937771933419364,1,1.0,0.9694363883822397,firefly,likely_ai
0.8559148907661438,0.5793507087230683,0.0,0.325762414932251,1,0.44999999999999996,1.0,firefly,inconclusive
0.08645310997962952,0.45121885015324215,0.0,0.28591840267181395,1,1.0,0.9834553844608593,firefly,inconclusive
0.6223396062850952,0.4863947176318408,0.0,0.2946797336850847,1,0.44999999999999996,0.9011243118890189,firefly,inconclusive
0.22086527943611145,0.38560326609087997,0.0,0.5244437290631074,1,0.44999999999999996,0.884496546768679,firefly,inconclusive
0.9061358571052551,0.5857300610025762,0.0,0.40902335477289803,1,0.44999999999999996,0.9149348419685492,firefly,inconclusive
0.8944469094276428,0.6073451679175883,0.0,0.6262672844476792,1,0.44999999999999996,0.9319218332226374,glide,likely_ai
0.9122912287712097,0.6084871115305759,0.0,0.4479974289921297,1,0.44999999999999996,1.0,glide,likely_ai
0.916193962097168,0.6129867267479564,0.0,0.6220957434264769,1,0.44999999999999996,0.9295948188807917,glide,likely_ai
0.901242733001709,0.6147005027633416,0.0,0.5448177891970953,1,0.44999999999999996,0.9992295197155968,glide,likely_ai
0.4788384437561035,0.48048797687966005,0.0,0.4737058162689209,1,0.44999999999999996,0.9973293106296844,glide,inconclusive
0.9163867235183716,0.6142111157287475,0.0,0.5,1,0.44999999999999996,0.9964754933661806,glide,likely_ai
0.9247233867645264,0.641944729282654,0.0,0.7665204903559917,1,0.44999999999999996,0.9893783210884847,glide,likely_ai
0.8922408223152161,0.612922483665669,0.0,0.7323579072952271,1,0.44999999999999996,0.9100722312079077,glide,likely_ai
0.8838884830474854,0.5920863697467709,0.0,0.8,1,0.44999999999999996,0.7845991241626266,glide,inconclusive
0.9232168793678284,0.6076741601403235,0.0,0.4671609813012473,1,0.44999999999999996,0.969964990999251,glide,likely_ai
0.8790996670722961,0.6030784548367024,0.0,0.6760514042718895,1,0.44999999999999996,0.9087170714391231,glide,likely_ai
0.7408365607261658,0.6576254919646363,0.0,0.44486997127532957,1,1.0,0.9544376330962676,glide,likely_ai
0.9024814963340759,0.6092051938465679,0.0,0.6220828895268622,1,0.44999999999999996,0.9312622799682946,glide,likely_ai
0.9171929359436035,0.589202882081894,0.0,0.6763641338041461,1,0.3,0.9320429395919914,glide,inconclusive
0.4956982731819153,0.4745407027020246,0.0,0.5,1,0.44999999999999996,0.92915610373725,glide,inconclusive
0.8234060406684875,0.5675988120679039,0.0,0.4932772159576416,1,0.44999999999999996,0.906246391357967,glide,inconclusive
0.6921499371528625,0.5432206401208591,0.0,0.7726011514663697,1,0.44999999999999996,0.8415777191418171,glide,inconclusive
0.8158167600631714,0.6978742268875835,0.0,0.5312919886863201,1,1.0,1.0,glide,likely_ai
0.8752740621566772,0.6093073793968292,0.0,0.6841172498772359,1,0.44999999999999996,0.9415671788105123,glide,likely_ai
0.906341552734375,0.5901766227041888,0.0,0.5407153922788606,1,0.44999999999999996,0.8710130882799515,glide,inconclusive
0.8401522040367126,0.5865539337172698,0.0,0.691863125629858,1,0.44999999999999996,0.8766097997163514,glide,inconclusive
0.7676721215248108,0.5526672294643432,0.0,0.4205526351928711,1,0.44999999999999996,0.9515516474380644,glide,inconclusive
0.9178110957145691,0.6155682170434322,0.0,0.7636617660522461,1,0.44999999999999996,0.8692935586191846,glide,likely_ai
0.9229279160499573,0.6111338094341698,0.0,0.8,1,0.44999999999999996,0.8212771730959132,glide,likely_ai
0.8960168361663818,0.5970024119358376,0.0,0.715962728618254,1,0.44999999999999996,0.8330054411204884,glide,inconclusive
0.8772563934326172,0.576816529993732,0.0,0.49370298385620115,1,0.44999999999999996,0.8713465678916335,glide,inconclusive
0.9216601848602295,0.6151385635956347,0.0,0.5390522682055048,1,0.44999999999999996,0.9736764065850766,glide,likely_ai
0.8772403001785278,0.5963925198798943,0.0,0.6530661981692116,1,0.44999999999999996,0.8895690500470738,glide,inconclusive
0.8758083581924438,0.5842320025058005,0.0,0.7674482033371155,1,0.44999999999999996,0.773723373571779,glide,inconclusive
0.5929467082023621,0.45590790537149767,0.0,0.2848486048834664,1,0.3,0.947695162112212,glide,inconclusive
0.6435877680778503,0.5153329539006802,0.0,0.40642457008361815,1,0.44999999999999996,0.9580708323448168,midjourney-v5,inconclusive
0.8400942087173462,0.5806020642343335,0.0,0.564911894657456,1,0.44999999999999996,0.9104130607669201,midjourney-v5,inconclusive
0.9000862836837769,0.598111690659208,0.0,0.6820735221766272,1,0.44999999999999996,0.849392266682061,midjourney-v5,inconclusive
0.22471745312213898,0.37713819500112683,0.0,0.34059112071990966,1,0.44999999999999996,0.9283192349624708,midjourney-v5,inconclusive
0.22655120491981506,0.38850477242415304,0.0,0.33523718288966586,1,0.44999999999999996,0.9850784632962097,midjourney-v5,inconclusive
0.8156251907348633,0.5338918519821447,0.0,0.508660708559304,1,0.3,0.8916911195287764,midjourney-v5,inconclusive
0.8042737245559692,0.546771605138579,0.0,0.26394954749516075,1,0.44999999999999996,0.945472665111361,midjourney-v5,inconclusive
0.8995043039321899,0.5354911646725039,0.0,0.25249621186937604,1,0.3,0.9019512615295469,midjourney-v5,inconclusive
0.844366729259491,0.5533209066991193,0.0,0.23422955785478866,1,0.44999999999999996,0.9329396606789658,midjourney-v5,inconclusive
0.547263503074646,0.49510887145996096,0.0,0.4092982053756714,1,0.44999999999999996,1.0,midjourney-v5,inconclusive
0.18598155677318573,0.37913955980292846,0.0,0.5501944689672438,1,0.44999999999999996,0.8916282293712416,midjourney-v5,inconclusive
0.8641500473022461,0.5681846641707771,0.0,0.4019967506672288,1,0.44999999999999996,0.8936998745669016,midjourney-v5,inconclusive
0.9207826256752014,0.583404371847663,0.0,0.25308608497892104,1,0.44999999999999996,0.9593048782360525,midjourney-v5,inconclusive
0.575565755367279,0.4914286354330653,0.0,0.37371227741241453,1,0.44999999999999996,0.9569384054082006,midjourney-v5,inconclusive
0.8824366927146912,0.6931026634499219,0.0,0.4487590340979599,1,1.0,0.9174787611285928,midjourney-v5,likely_ai
0.8863067626953125,0.5784437085241828,0.0,0.3278445460354539,1,0.44999999999999996,0.9488361255602185,midjourney-v5,inconclusive
0.8064063191413879,0.5639187554921421,0.0,0.3830547332763672,1,0.44999999999999996,0.9684569321104449,midjourney-v5,inconclusive
0.854810893535614,0.5622781933259713,0.0,0.33024260316576276,1,0.44999999999999996,0.9140533247435543,midjourney-v5,inconclusive
0.669659435749054,0.517902265397647,0.0,0.5793026714560722,1,0.44999999999999996,0.8453708376366185,midjourney-v5,inconclusive
0.9565548300743103,0.6087865064601903,0.0,0.42097580432891846,1,0.44999999999999996,0.9486123850250268,midjourney-v5,likely_ai
0.9079045057296753,0.5769915494497305,0.0,0.3665950059890747,1,0.44999999999999996,0.889803485659602,midjourney-v5,inconclusive
0.3817738890647888,0.41983053586971264,0.0,0.3947235107421875,1,0.44999999999999996,0.8791300903802861,midjourney-v5,inconclusive
0.2813607156276703,0.365941732414339,0.0,0.3093007239683638,1,0.3,0.953017226646008,midjourney-v5,inconclusive
0.9271460771560669,0.5829538327778856,0.0,0.29203736441476,1,0.44999999999999996,0.9280313659479476,midjourney-v5,inconclusive
0.7439656257629395,0.6557896971702576,0.0,0.3260000944137573,1,1.0,1.0,midjourney-v5,likely_ai
0.15147769451141357,0.35909340409186674,0.0,0.30900954008102416,1,0.44999999999999996,0.9637457086517012,midjourney-v5,inconclusive
0.5452345013618469,0.4797348937554354,0.0,0.30997859750475204,1,0.44999999999999996,0.9758334179820305,midjourney-v5,inconclusive
0.8498303294181824,0.5712911655808384,0.0,0.44168052586662787,1,0.44999999999999996,0.9108700708436042,midjourney-v5,inconclusive
0.918790340423584,0.5970108209645939,0.0,0.44320581342740223,1,0.44999999999999996,0.9352656874738922,midjourney-v5,inconclusive
0.5442686676979065,0.439731517154592,0.0,0.27302184786115374,1,0.3,0.9457436602955234,midjourney-v5,inconclusive
0.07209686189889908,0.41900330098515387,0.0,0.20748399325779504,1,1.0,0.8831292154485231,stable-diffusion-1-3,inconclusive
0.8887094855308533,0.5657998853607605,0.0,0.2318122386932373,1,0.44999999999999996,0.9300290791609043,stable-diffusion-1-3,inconclusive
0.08965753018856049,0.4371538075694624,0.0,0.4456280139347795,1,1.0,0.8284687355970815,stable-diffusion-1-3,inconclusive
0.8790750503540039,0.5579286802998878,0.0,0.26505321775163926,1,0.44999999999999996,0.8885042170926136,stable-diffusion-1-3,inconclusive
0.8728663921356201,0.6515629937427106,0.0,0.15813392440939095,1,1.0,0.8694484183054279,stable-diffusion-1-3,likely_ai
0.630765974521637,0.6092683476916017,0.0,0.3662086486816406,1,1.0,0.9170884523347326,stable-diffusion-1-3,likely_ai
0.9021153450012207,0.5845629017953441,0.0,0.24551185028893607,1,0.44999999999999996,0.9968855663304215,stable-diffusion-1-3,inconclusive
0.10350275784730911,0.30006180736152754,0.0,0.07226924896240235,1,0.44999999999999996,0.8589202755554728,stable-diffusion-1-3,inconclusive
0.8791628479957581,0.6618751805922825,0.0,0.21435052667345322,1,1.0,0.8834563676310487,stable-diffusion-1-3,likely_ai
0.8055022358894348,0.5416133361960608,0.0,0.2114985772541591,1,0.44999999999999996,0.9440640385190724,stable-diffusion-1-3,inconclusive
0.8257931470870972,0.5679123136484774,0.0,0.3446045875549316,1,0.44999999999999996,0.9785695538342751,stable-diffusion-1-3,inconclusive
0.6196230053901672,0.5878637273406817,0.0,0.18625847612108504,1,1.0,0.916754890557615,stable-diffusion-1-3,inconclusive
0.4191444218158722,0.40401911950961283,0.0,0.22448882375444684,1,0.44999999999999996,0.8291345529470325,stable-diffusion-1-3,inconclusive
0.8752961158752441,0.5624229880019124,0.0,0.3974490864242276,1,0.44999999999999996,0.850446222984582,stable-diffusion-1-3,inconclusive
0.886651873588562,0.591256613281924,0.0,0.37952139377593996,1,0.44999999999999996,0.9865445591388069,stable-diffusion-1-3,inconclusive
0.8552887439727783,0.6376631921808759,0.0,0.47094585598603933,1,0.8,0.869909916952192,stable-diffusion-1-3,likely_ai
0.913091778755188,0.560317560288109,0.0,0.16115953922271728,1,0.44999999999999996,0.9013703636964044,stable-diffusion-1-3,inconclusive
0.8998367786407471,0.5824045032900931,0.0,0.3384199414934431,1,0.44999999999999996,0.943057377742623,stable-diffusion-1-3,inconclusive
0.8028444051742554,0.5370444404145989,0.0,0.23663121632167272,1,0.44999999999999996,0.9126399861507749,stable-diffusion-1-3,inconclusive
0.8288213610649109,0.531190320091128,0.0,0.20894148009163993,1,0.44999999999999996,0.8582488188124537,stable-diffusion-1-3,inconclusive
0.8256571292877197,0.5592491905491861,0.0,0.3651364556329657,1,0.44999999999999996,0.9251920309978681,stable-diffusion-1-3,inconclusive
0.8703302145004272,0.5611052553429707,0.0,0.3065033878598894,1,0.44999999999999996,0.896779261034268,stable-diffusion-1-3,inconclusive
0.8968772888183594,0.5905581666706734,0.0,0.4832003992415159,1,0.44999999999999996,0.9158747005050697,stable-diffusion-1-3,inconclusive
0.3298720419406891,0.39093094432763953,0.0,0.18284927095685685,1,0.44999999999999996,0.9184220232487357,stable-diffusion-1-3,inconclusive
0.8889409899711609,0.556280367572604,0.0,0.2203150221279689,1,0.44999999999999996,0.8878328418422943,stable-diffusion-1-3,inconclusive
0.6272563934326172,0.5028368249800125,0.0,0.347665810585022,1,0.44999999999999996,0.9494666294586258,stable-diffusion-1-3,inconclusive
0.9191185832023621,0.5877122721591566,0.0,0.397737455368042,1,0.44999999999999996,0.9110147583082188,stable-diffusion-1-3,inconclusive
0.9356145858764648,0.6946609551025015,0.0,0.2184355900016633,1,1.0,0.9606651016969785,stable-diffusion-1-3,likely_ai
0.8781006336212158,0.6847281033667988,0.0,0.38309216499328613,1,1.0,0.9149434839055268,stable-diffusion-1-3,likely_ai
0.8382576704025269,0.5800472622803184,0.0,0.3938486337661743,1,0.44999999999999996,0.9959254889147144,stable-diffusion-1-3,inconclusive
0.8354916572570801,0.5521180917438041,0.0,0.33052217960357666,1,0.44999999999999996,0.8920918830316119,stable-diffusion-1-4,inconclusive
0.6689679622650146,0.5042202451623787,0.0,0.29020708629063197,1,0.44999999999999996,0.9225457392690555,stable-diffusion-1-4,inconclusive
0.8625492453575134,0.5476924879201368,0.0,0.21885103498186387,1,0.44999999999999996,0.8852130540734817,stable-diffusion-1-4,inconclusive
0.38923513889312744,0.4088739025811567,0.0,0.20462590966905866,1,0.44999999999999996,0.908203849731563,stable-diffusion-1-4,inconclusive
0.1432962566614151,0.3518655367573654,0.0,0.4398344962369828,1,0.44999999999999996,0.874466050676213,stable-diffusion-1-4,inconclusive
0.9597971439361572,0.5957638346977093,0.0,0.32192776203155515,1,0.44999999999999996,0.9281595765685332,stable-diffusion-1-4,inconclusive
0.9041641354560852,0.5874400832931319,0.0,0.3955149818530833,1,0.44999999999999996,0.93319672235499,stable-diffusion-1-4,inconclusive
0.38576993346214294,0.4097470715654885,0.0,0.2287810410772051,1,0.44999999999999996,0.9056899370956257,stable-diffusion-1-4,inconclusive
0.5214129090309143,0.4431886708918299,0.0,0.21653615236282348,1,0.44999999999999996,0.8755559147313661,stable-diffusion-1-4,inconclusive
0.8814833164215088,0.5625617058094611,0.0,0.22213598660060338,1,0.44999999999999996,0.9295155611147403,stable-diffusion-1-4,inconclusive
0.9325681328773499,0.574614152926855,0.0,0.3278083801269531,1,0.44999999999999996,0.860314375254774,stable-diffusion-1-4,inconclusive
0.7864786386489868,0.6419377949651942,0.0,0.2092020239148821,1,1.0,0.9253700048950495,stable-diffusion-1-4,likely_ai
0.37071317434310913,0.38925269211164465,0.0,0.18409835781369888,1,0.44999999999999996,0.84814452013671,stable-diffusion-1-4,inconclusive
0.32708001136779785,0.37905125896139885,0.0,0.2064343001768364,1,0.44999999999999996,0.8514191276668792,stable-diffusion-1-4,inconclusive
0.9107045531272888,0.6046795070171356,0.0,0.4146814107894897,1,0.44999999999999996,1.0,stable-diffusion-1-4,likely_ai
0.8852627277374268,0.5983046752746026,0.0,0.6863741000423648,1,0.44999999999999996,0.8704422347456905,stable-diffusion-1-4,inconclusive
0.9390012621879578,0.5711397829486141,0.0,0.20295299802507674,1,0.44999999999999996,0.8957205224485956,stable-diffusion-1-4,inconclusive
0.18396860361099243,0.344615762922696,0.0,0.21150025810514175,1,0.44999999999999996,0.8913757801444204,stable-diffusion-1-4,inconclusive
0.5516835451126099,0.45112783576729437,0.0,0.2138524157660348,1,0.44999999999999996,0.8711876532845396,stable-diffusion-1-4,inconclusive
0.8271024823188782,0.5316736693083766,0.0,0.23367915494101388,1,0.44999999999999996,0.8508750455930585,stable-diffusion-1-4,inconclusive
0.7222520112991333,0.5144048213635468,0.0,0.2341699653529618,1,0.44999999999999996,0.9215611071925531,stable-diffusion-1-4,inconclusive
0.2677063047885895,0.37115369252948255,0.0,0.1879840305873326,1,0.44999999999999996,0.9102169901708623,stable-diffusion-1-4,inconclusive
0.8749634623527527,0.5625108304341377,0.0,0.27611863953726634,1,0.44999999999999996,0.9120496388729267,stable-diffusion-1-4,inconclusive
0.5039605498313904,0.4477005877698816,0.0,0.19721716982977733,1,0.44999999999999996,0.9339535291874337,stable-diffusion-1-4,inconclusive
0.1531238555908203,0.3477025579361827,0.0,0.3449115003858294,1,0.44999999999999996,0.8863712561017683,stable-diffusion-1-4,inconclusive
0.14584700763225555,0.4694308918897536,0.0,0.342336630821228,1,1.0,0.9572156325897705,stable-diffusion-1-4,inconclusive
0.14478172361850739,0.3432049879565707,0.0,0.2658179385321481,1,0.44999999999999996,0.9159433850890182,stable-diffusion-1-4,inconclusive
0.928821861743927,0.5790592343576578,0.0,0.18263490356718826,1,0.44999999999999996,0.9607459273888045,stable-diffusion-1-4,inconclusive
0.8627212643623352,0.6800447548944749,0.0,0.39395895004272463,1,1.0,0.9091624029075096,stable-diffusion-1-4,likely_ai
0.8586100339889526,0.5842541054569225,0.0,0.42645835876464844,1,0.44999999999999996,0.9701262969188589,stable-diffusion-1-4,inconclusive
0.7436392903327942,0.5323189792500771,0.0,0.3165325709751674,1,0.44999999999999996,0.9378696752636104,stable-diffusion-2,inconclusive
0.11400492489337921,0.33582538937681683,0.0,0.2889594827379499,1,0.44999999999999996,0.9136398181750405,stable-diffusion-2,inconclusive
0.10910016298294067,0.32071108780511554,0.0,0.25753698689596993,1,0.44999999999999996,0.8611367011031816,stable-diffusion-2,inconclusive
0.07973261177539825,0.33752281490674557,0.0,0.3989172799246652,1,0.44999999999999996,0.9185565169082978,stable-diffusion-2,inconclusive
0.6004233956336975,0.44121603148860555,0.0,0.30659849984305243,1,0.3,0.8521458140709554,stable-diffusion-2,inconclusive
0.7877480983734131,0.551404096760276,0.0,0.3732133865356445,1,0.44999999999999996,0.9387916429734381,stable-diffusion-2,inconclusive
0.12026110291481018,0.2863188668293139,0.0,0.1945365377834865,1,0.3,0.853934410882611,stable-diffusion-2,inconclusive
0.8331077098846436,0.5474596421144626,0.0,0.2061575770378113,1,0.44999999999999996,0.9345578572264424,stable-diffusion-2,inconclusive
0.20431452989578247,0.3109445687130462,0.0,0.21311695746013098,1,0.3,0.8416925699914917,stable-diffusion-2,inconclusive
0.7144715785980225,0.5386848010607793,0.0,0.59605290052197,1,0.44999999999999996,0.8736901871458778,stable-diffusion-2,inconclusive
0.1283883899450302,0.3155535083969868,0.0,0.28272471589386733,1,0.44999999999999996,0.7938225991204552,stable-diffusion-2,inconclusive
0.8692360520362854,0.551819467675489,0.0,0.3120258229119437,1,0.3,0.9992303488670451,stable-diffusion-2,inconclusive
0.1320030838251114,0.29921562923374934,0.0,0.40720579338178453,1,0.3,0.7944706237401871,stable-diffusion-2,inconclusive
0.8594627380371094,0.5667642642745512,0.0,0.31292766162327357,1,0.44999999999999996,0.938163383505455,stable-diffusion-2,inconclusive
0.13743531703948975,0.35705526218663,0.0,0.29821157114846364,1,0.44999999999999996,0.9800175497996835,stable-diffusion-2,inconclusive
0.7725540399551392,0.4916934213454808,0.0,0.24617985316685267,1,0.3,0.8765461202112688,stable-diffusion-2,inconclusive
0.9392154812812805,0.5369108402808593,0.0,0.2023350170680455,1,0.3,0.8745634709483532,stable-diffusion-2,inconclusive
0.7603219747543335,0.47877345375645236,0.0,0.17566454410552979,1,0.3,0.8655520345979966,stable-diffusion-2,inconclusive
0.736817479133606,0.5111909951845519,0.0,0.2364946092878069,1,0.44999999999999996,0.8824814525784472,stable-diffusion-2,inconclusive
0.8753624558448792,0.5432230699062347,0.0,0.20614333152770997,1,0.3,1.0,stable-diffusion-2,inconclusive
0.11286471784114838,0.3092466515188935,0.0,0.2709780471665519,1,0.3,0.9414471572494693,stable-diffusion-2,inconclusive
0.6936142444610596,0.47902765157085564,0.0,0.4954525368554251,1,0.3,0.8069906227349762,stable-diffusion-2,inconclusive
0.1639571338891983,0.33321511736014,0.0,0.2974491562162127,1,0.3,0.9714153078587962,stable-diffusion-2,inconclusive
0.2985406219959259,0.36575321848579295,0.0,0.18001327954697366,1,0.44999999999999996,0.8409485196615889,stable-diffusion-2,inconclusive
0.8023293614387512,0.6178468984262304,0.0,0.3395270275679625,1,0.9,0.8159769361890439,stable-diffusion-2,likely_ai
0.9421668648719788,0.5859140840997653,0.0,0.3707540988922119,1,0.44999999999999996,0.8809430737447528,stable-diffusion-2,inconclusive
0.7423596978187561,0.503006659916469,0.0,0.202987505708422,1,0.3,1.0,stable-diffusion-2,inconclusive
0.9062813520431519,0.5952308605497645,0.0,0.446854759951791,1,0.44999999999999996,0.9433048947081992,stable-diffusion-2,inconclusive
0.7029733061790466,0.6192182521675788,0.0,0.44663837977818077,1,0.9,0.9183121116802335,stable-diffusion-2,likely_ai
0.955996572971344,0.550270895287287,0.0,0.2106104356901986,1,0.3,0.9120543991343197,stable-diffusion-2,inconclusive
0.5603749752044678,0.4885881670445226,0.0,0.4194017887115479,1,0.44999999999999996,0.9426774780601374,stable-diffusion-xl,inconclusive
0.936012864112854,0.6081363863585265,0.0,0.4299503678219362,1,0.44999999999999996,0.9716874517123832,stable-diffusion-xl,likely_ai
0.919704258441925,0.5915766583933377,0.0,0.33195091996874126,1,0.44999999999999996,0.9623514443194303,stable-diffusion-xl,inconclusive
0.8568246364593506,0.548810155213492,0.0,0.352942156791687,1,0.3,0.9823427429825906,stable-diffusion-xl,inconclusive
0.7773022055625916,0.5735810501561929,0.0,0.7331414222717285,1,0.44999999999999996,0.8853812313012126,stable-diffusion-xl,inconclusive
0.8773831725120544,0.5957225167432638,0.0,0.44341868077910107,1,0.44999999999999996,0.9908284845586869,stable-diffusion-xl,inconclusive
0.36732929944992065,0.4043756255114678,0.0,0.32687160968780515,1,0.44999999999999996,0.8574483735385554,stable-diffusion-xl,inconclusive
0.8949345350265503,0.6055753333702909,0.0,0.6962332725524902,1,0.44999999999999996,0.887358228035384,stable-diffusion-xl,likely_ai
0.8934310078620911,0.5897591446811936,0.0,0.3318675109318324,1,0.44999999999999996,0.9927154561469151,stable-diffusion-xl,inconclusive
0.3470684587955475,0.4233882418545407,0.0,0.3648436137608119,1,0.44999999999999996,0.9639167141989762,stable-diffusion-xl,inconclusive
0.9035869240760803,0.6051040751107869,0.0,0.6139285083384904,1,0.44999999999999996,0.9131757352705687,stable-diffusion-xl,likely_ai
0.8917953372001648,0.5982624507746828,0.0,0.40723849614633334,1,0.44999999999999996,1.0,stable-diffusion-xl,inconclusive
0.9050136804580688,0.6023196355393877,0.0,0.5398090790665062,1,0.44999999999999996,0.934173117476582,stable-diffusion-xl,likely_ai
0.2825297713279724,0.3973807571987502,0.0,0.3396469198705099,1,0.44999999999999996,0.9432856690665374,stable-diffusion-xl,inconclusive
0.9117874503135681,0.7027717479637691,0.0,0.2923551286969866,1,1.0,1.0,stable-diffusion-xl,likely_ai
0.7489274144172668,0.5439399526226936,0.0,0.32469451427459717,1,0.44999999999999996,0.983961384350269,stable-diffusion-xl,inconclusive
0.8723065853118896,0.5790488120091577,0.0,0.31005961894989015,1,0.44999999999999996,0.9817543726030088,stable-diffusion-xl,inconclusive
0.8864205479621887,0.5423183514303185,0.0,0.252716224534171,1,0.3,0.9556028229412239,stable-diffusion-xl,inconclusive
0.8346644639968872,0.5151396178208457,0.0,0.22533574274608068,1,0.3,0.9110335217358572,stable-diffusion-xl,inconclusive
0.9050425887107849,0.5822290780078084,0.0,0.386905867888552,1,0.44999999999999996,0.9101285730285886,stable-diffusion-xl,inconclusive
0.9106578826904297,0.6172397977372206,0.0,0.8,1,0.44999999999999996,0.870212164650458,stable-diffusion-xl,likely_ai
0.8746601343154907,0.5817221688449665,0.0,0.4102968692779541,1,0.44999999999999996,0.9414722081126197,stable-diffusion-xl,inconclusive
0.8972022533416748,0.5915476285880512,0.0,0.3631485939025879,1,0.44999999999999996,0.98036046597645,stable-diffusion-xl,inconclusive
0.7300383448600769,0.5412791457372286,0.0,0.4159837580642999,1,0.44999999999999996,0.9533463323638774,stable-diffusion-xl,inconclusive
0.9100382328033447,0.5791467356025943,0.0,0.2939641271318708,1,0.44999999999999996,0.933694265242019,stable-diffusion-xl,inconclusive
0.8873035907745361,0.5596851122917401,0.0,0.39802942276000974,1,0.3,0.9684554639168912,stable-diffusion-xl,inconclusive
0.8590635061264038,0.5907895296333423,0.0,0.4469437744966067,1,0.44999999999999996,0.9918805017288024,stable-diffusion-xl,inconclusive
0.9254903793334961,0.5843291889967227,0.0,0.3620400258472988,1,0.44999999999999996,0.9023903630597199,stable-diffusion-xl,inconclusive
0.889750063419342,0.5712794495560721,0.0,0.28775781903948106,1,0.44999999999999996,0.9278932431316073,stable-diffusion-xl,inconclusive
0.9037133455276489,0.5553061086662662,0.0,0.3240769215992519,1,0.3,0.9589220642402312,stable-diffusion-xl,inconclusive
0.3918832540512085,0.561126549243927,0.0,0.43561573028564454,0,1.0,1.0,raise1k,inconclusive
0.20472796261310577,0.32702657683675285,0.0,0.15656957966940743,0,0.3,0.9497561504294018,raise1k,inconclusive
0.6424369215965271,0.5039870120797838,0.0,0.2125593560082572,0,0.44999999999999996,1.0,raise1k,inconclusive
0.9290241599082947,0.6082843692210735,0.0,0.8,0,0.44999999999999996,0.7978856062429258,raise1k,likely_ai
0.08964031934738159,0.29287087393251154,0.0,0.2169847352164132,0,0.3,0.9214015230332786,raise1k,inconclusive
0.559235155582428,0.4537330335945777,0.0,0.17907906430108206,0,0.44999999999999996,0.8902729024487053,raise1k,inconclusive
0.126191183924675,0.3555643443166355,0.0,0.35483522415161134,0,0.44999999999999996,0.9611173336203594,raise1k,inconclusive
0.13312168419361115,0.3559961334722383,0.0,0.26059628214154923,0,0.44999999999999996,1.0,raise1k,inconclusive
0.22032882273197174,0.3746359319814663,0.0,0.320192973954337,0,0.44999999999999996,0.9325899388322053,raise1k,inconclusive
0.11307206749916077,0.3529039108688529,0.0,0.4463406801223755,0,0.44999999999999996,0.9217411130343357,raise1k,inconclusive
0.14399667084217072,0.47933769505085405,0.0,0.39871337413787844,0,1.0,0.981336781922075,raise1k,inconclusive
0.5731294751167297,0.4042516503021674,0.0,0.26110711652355967,0,0.15,0.8810104805739627,raise1k,inconclusive
0.12105004489421844,0.2908576556646907,0.0,0.21160583325794763,0,0.3,0.866910294353152,raise1k,inconclusive
0.12163737416267395,0.3741898794836458,0.0,0.6661119160585836,0,0.44999999999999996,0.9054373781449263,raise1k,inconclusive
0.26683562994003296,0.3677411280102072,0.0,0.33322598934173586,0,0.44999999999999996,0.8218392004701187,raise1k,inconclusive
0.1197827011346817,0.33546687167696326,0.0,0.2587468998772757,0,0.44999999999999996,0.9182868567441558,raise1k,inconclusive
0.10994845628738403,0.28525969129573137,0.0,0.20918496676853726,0,0.3,0.8567832886633122,raise1k,inconclusive
0.09046553820371628,0.3262658950875033,0.0,0.4249774351372421,0,0.44999999999999996,0.8331424505633211,raise1k,inconclusive
0.1015058383345604,0.35680997700552003,0.0,0.3807353496551514,0,0.44999999999999996,0.9914234526981839,raise1k,inconclusive
0.3615235388278961,0.3545701692618982,0.0,0.14037829296929497,0,0.3,0.8603763915829992,raise1k,inconclusive
0.08701379597187042,0.3126910571115358,0.0,0.2658691831997463,0,0.3,1.0,raise1k,inconclusive
0.10842183232307434,0.31235314987169094,0.0,0.20342548745019096,0,0.3,0.9974202571487476,raise1k,inconclusive
0.5425401926040649,0.45543642589024136,0.0,0.3267436810902187,0,0.3,1.0,raise1k,inconclusive
0.11096034944057465,0.3161703350087357,0.0,0.32968478202819823,0,0.3,0.9495687598687172,raise1k,inconclusive
0.07867594063282013,0.43197755766766416,0.0,0.2837477547781808,0,0.9,1.0,raise1k,inconclusive
0.8970876336097717,0.5866080868283017,0.0,0.3534726619720459,0,0.44999999999999996,0.960672652740828,raise1k,inconclusive
0.08494532853364944,0.29488215092027553,0.0,0.1745587842805045,0,0.3,0.9597133696606511,raise1k,inconclusive
0.23094093799591064,0.3833049571819801,0.0,0.5264975981449447,0,0.44999999999999996,0.8568645798435621,raise1k,inconclusive
0.09879856556653976,0.3520560339880726,0.0,0.4371769428253174,0,0.44999999999999996,0.9434938501778947,raise1k,inconclusive
0.08507749438285828,0.32162177870335673,0.0,0.28200760568891253,0,0.44999999999999996,0.8894888490980398,raise1k,inconclusive
0.6266297698020935,0.5276392447948456,0.0,0.4965031385421753,1,0.44999999999999996,1.0,FLUX.1-schnell,inconclusive
0.8523696660995483,0.6784008834065255,0.0,0.31312108721051896,1,1.0,0.9568893742780455,FLUX.1-schnell,likely_ai
0.8044735193252563,0.5479091744297069,0.0,0.2790005649839129,1,0.44999999999999996,0.9433353106686935,FLUX.1-schnell,inconclusive
0.9059727191925049,0.5982937271502063,0.0,0.8,1,0.44999999999999996,0.7825095569622742,FLUX.1-schnell,inconclusive
0.13827310502529144,0.424029948010943,0.0,0.26795545744340926,1,0.9,0.8787623537950731,FLUX.1-schnell,inconclusive
0.8873992562294006,0.5685644190243976,0.0,0.3196981566292899,1,0.44999999999999996,0.901874132463242,FLUX.1-schnell,inconclusive
0.7894866466522217,0.5458288210141966,0.0,0.3266409499304635,1,0.44999999999999996,0.9315936601274186,FLUX.1-schnell,inconclusive
0.9074500203132629,0.7021066109233288,0.0,0.315726705959865,1,1.0,0.991494671166817,FLUX.1-schnell,likely_ai
0.2758016288280487,0.38828137405899177,0.0,0.26190974371773856,1,0.44999999999999996,0.9467495551940163,FLUX.1-schnell,inconclusive
0.7317986488342285,0.6125943689164582,0.0,0.3702807903289795,1,0.8,0.9801334761664586,FLUX.1-schnell,likely_ai
0.8988068103790283,0.5526599375464307,0.0,0.3252930879592896,1,0.3,0.9524429281839666,FLUX.1-schnell,inconclusive
0.3463040292263031,0.4565014675878805,0.0,0.1752989614894614,1,0.75,0.9254018133552171,FLUX.1-schnell,inconclusive
0.8353715538978577,0.5622904462757626,0.0,0.3781855549131121,1,0.44999999999999996,0.9193021230754705,FLUX.1-schnell,inconclusive
0.9364627003669739,0.6112884358920503,0.0,0.6387256860733033,1,0.44999999999999996,0.8823852858731389,FLUX.1-schnell,likely_ai
0.2646739184856415,0.41322256633981913,0.0,0.6271848687773715,1,0.44999999999999996,0.9055095195819476,FLUX.1-schnell,inconclusive
0.20756851136684418,0.36247526744753555,0.0,0.27907116072518484,1,0.44999999999999996,0.9114879898248189,FLUX.1-schnell,inconclusive
0.7959417104721069,0.5694042462844594,0.0,0.6311364730653968,1,0.44999999999999996,0.8875404291814382,FLUX.1-schnell,inconclusive
0.9119469523429871,0.609368421616405,0.0,0.6163878265143043,1,0.44999999999999996,0.9207277663103924,FLUX.1-schnell,likely_ai
0.8864730000495911,0.52800340944001,0.0,0.22443890230996266,1,0.3,0.8980880959706818,FLUX.1-schnell,inconclusive
0.8762115240097046,0.6605725276246511,0.0,0.23157385076795306,1,1.0,0.8727584267247219,FLUX.1-schnell,likely_ai
0.7465211153030396,0.5226533990126674,0.0,0.3196925027029855,1,0.44999999999999996,0.8836390707572851,FLUX.1-schnell,inconclusive
0.9194274544715881,0.5852460541557429,0.0,0.26761630262647357,1,0.44999999999999996,0.963280937758096,FLUX.1-schnell,inconclusive
0.8880041837692261,0.5371349657121618,0.0,0.17643481833594188,1,0.3,0.9654511437389991,FLUX.1-schnell,inconclusive
0.9073912501335144,0.5941372898450116,0.0,0.5553363987615523,1,0.44999999999999996,0.8819313746440098,FLUX.1-schnell,inconclusive
0.5392604470252991,0.4807711735961226,0.0,0.32740774835859027,1,0.44999999999999996,0.9812613232633693,FLUX.1-schnell,inconclusive
0.906090259552002,0.5911132831568624,0.0,0.3673536777496338,1,0.44999999999999996,0.9627541875814924,FLUX.1-schnell,inconclusive
0.7654046416282654,0.6157183664595043,0.0,0.3034174612084949,1,0.9,0.8787761392508759,FLUX.1-schnell,likely_ai
0.8110858201980591,0.5474515005814181,0.0,0.45244052410125735,1,0.44999999999999996,0.8444085105593732,FLUX.1-schnell,inconclusive
0.8517339825630188,0.5709768053037646,0.0,0.44636270999908445,1,0.44999999999999996,0.9041016976747527,FLUX.1-schnell,inconclusive
0.7468762397766113,0.5403834033659737,0.0,0.40649422236851285,1,0.44999999999999996,0.9283555459806951,FLUX.1-schnell,inconclusive
0.08776701986789703,0.3323164641733858,0.0,0.32344837188720704,1,0.44999999999999996,0.9182076051214798,imagen3,inconclusive
0.4955187141895294,0.4616238913009104,0.0,0.48016541014400116,1,0.44999999999999996,0.8747586801482572,imagen3,inconclusive
0.6141884922981262,0.4837207143907657,0.0,0.2232616220201765,1,0.44999999999999996,0.935690022496551,imagen3,inconclusive
0.8066813349723816,0.5677593877296895,0.0,0.7733244402334094,1,0.44999999999999996,0.7921127160731702,imagen3,inconclusive
0.16186095774173737,0.3230389627241668,0.0,0.19328702841226605,1,0.3,0.9757598628020949,imagen3,inconclusive
0.5087046027183533,0.451666318497809,0.0,0.3474030835287911,1,0.44999999999999996,0.8715731466471195,imagen3,inconclusive
0.25596189498901367,0.5148608255386353,0.0,0.3807225704193115,1,1.0,1.0,imagen3,inconclusive
0.32248610258102417,0.41934759285430323,0.0,0.34764435972486224,1,0.44999999999999996,0.9891866305375487,imagen3,inconclusive
0.5769203901290894,0.5009148657856359,0.0,0.43596148216558217,1,0.44999999999999996,0.9712130026517543,imagen3,inconclusive
0.1357097625732422,0.48543962955474856,0.0,0.4472670078277588,1,1.0,1.0,imagen3,inconclusive
0.1868647336959839,0.48830545509197854,0.0,0.44578094482421876,1,1.0,0.9383397025038074,imagen3,inconclusive
0.183658167719841,0.29311560428760475,0.0,0.17225148989124156,1,0.15,0.9539650249126412,imagen3,inconclusive
0.20901957154273987,0.4087306784956019,0.0,0.6027231142236609,1,0.44999999999999996,0.9787624780520692,imagen3,inconclusive
0.8967562913894653,0.5464498580920418,0.0,0.18840162072862898,1,0.3,0.9929140430116967,imagen3,inconclusive
0.5916967391967773,0.49177081014533913,0.0,0.38158767563956125,1,0.44999999999999996,0.9305151041117491,imagen3,inconclusive
0.09513348340988159,0.32869114295694796,0.0,0.3023050444466727,1,0.44999999999999996,0.8996029674465811,imagen3,inconclusive
0.43870481848716736,0.4031072628507317,0.0,0.22465832574026925,1,0.3,0.9451499236527726,imagen3,inconclusive
0.8038878440856934,0.5589349818887578,0.0,0.40123615244557714,1,0.44999999999999996,0.9382250670924603,imagen3,inconclusive
0.091623954474926,0.28394054858552087,0.0,0.20426580565316335,1,0.3,0.8801339083886336,imagen3,inconclusive
0.8793502449989319,0.5160704822014548,0.0,0.0994625176702227,1,0.3,0.9115957846737648,imagen3,inconclusive
0.6188163161277771,0.5026522511441024,0.0,0.3483746426446097,1,0.44999999999999996,0.9608494602065415,imagen3,inconclusive
0.5790393948554993,0.4505467697988932,0.0,0.24532057799729234,1,0.3,0.9615144677125709,imagen3,inconclusive
0.6155568361282349,0.47191517286445617,0.0,0.27248122025985677,1,0.3,1.0,imagen3,inconclusive
0.9002166986465454,0.589323495249737,0.0,0.3082916634423392,1,0.44999999999999996,0.9921465965576972,imagen3,inconclusive
0.10152827203273773,0.3135511216102759,0.0,0.33550855772835864,1,0.3,0.9477089211380935,imagen3,inconclusive
0.8606094121932983,0.6632021548095499,0.0,0.2958167314529419,1,1.0,0.877188290031331,imagen3,likely_ai
0.7093104720115662,0.5249447199335239,0.0,0.26035941796809514,1,0.44999999999999996,0.9805781826662225,imagen3,inconclusive
0.07129111140966415,0.3334211534675107,0.0,0.41290338720594133,1,0.44999999999999996,0.9037174066200867,imagen3,inconclusive
0.8798421621322632,0.605458975673816,0.0,0.5150632703413711,1,0.44999999999999996,1.0,imagen3,likely_ai
0.18748179078102112,0.36262256538545495,0.0,0.24244193008967807,1,0.44999999999999996,0.960669175710904,imagen3,inconclusive
0.9007975459098816,0.7124249517917634,0.0,0.4218568801879883,1,1.0,1.0,FLUX.1-dev,likely_ai
0.9029644131660461,0.5893225191320692,0.0,0.28433195182255333,1,0.44999999999999996,1.0,FLUX.1-dev,inconclusive
0.12197629362344742,0.3460504193109308,0.0,0.32161945145363746,1,0.44999999999999996,0.9364779303926641,FLUX.1-dev,inconclusive
0.7692383527755737,0.6261465831699187,0.0,0.7801150667481125,1,0.8,0.7868178533121762,FLUX.1-dev,likely_ai
0.17099493741989136,0.3294331618100717,0.0,0.2214346562113081,1,0.3,0.9799560748148675,FLUX.1-dev,inconclusive
0.5349406003952026,0.4878892345216686,0.0,0.5942694038884043,1,0.44999999999999996,0.8899005700713369,FLUX.1-dev,inconclusive
0.10744766891002655,0.3512602405166262,0.0,0.3841083288192749,1,0.44999999999999996,0.9530755348084534,FLUX.1-dev,inconclusive
0.7008644938468933,0.5298496108395713,0.0,0.29590262685503277,1,0.44999999999999996,1.0,FLUX.1-dev,inconclusive
0.5796288847923279,0.48579050068573526,0.0,0.34517144475664413,1,0.44999999999999996,0.9369234538618624,FLUX.1-dev,inconclusive
0.8308048844337463,0.5672990041541078,0.0,0.43202719688415525,1,0.44999999999999996,0.9242740956778419,FLUX.1-dev,inconclusive
0.9108021259307861,0.6120429834685213,0.0,0.5136458590687091,1,0.44999999999999996,0.9871887989120725,FLUX.1-dev,likely_ai
0.33820804953575134,0.3695892117624179,0.0,0.17328382560185024,1,0.3,0.9539920717075374,FLUX.1-dev,inconclusive
0.6009817719459534,0.5014328920997727,0.0,0.42085612370877357,1,0.44999999999999996,0.9452637407255466,FLUX.1-dev,inconclusive
0.9166492819786072,0.5828669824219256,0.0,0.38307449098104607,1,0.44999999999999996,0.8978237436511942,FLUX.1-dev,inconclusive
0.444590300321579,0.46132655844574566,0.0,0.7638868129878837,1,0.44999999999999996,0.8078039352524179,FLUX.1-dev,inconclusive
0.8486630916595459,0.5527842740822342,0.0,0.2991858720779419,1,0.44999999999999996,0.8913337968828812,FLUX.1-dev,inconclusive
0.6082589626312256,0.49659538335561537,0.0,0.4233891732492372,1,0.44999999999999996,0.9088938862066198,FLUX.1-dev,inconclusive
0.9187538027763367,0.576613890778257,0.0,0.30318278731810977,1,0.44999999999999996,0.9033473560677252,FLUX.1-dev,inconclusive
0.8238378167152405,0.5141390151519581,0.0,0.23954104866300308,1,0.3,0.9151678263554283,FLUX.1-dev,inconclusive
0.2094077616930008,0.45761876666459717,0.0,0.16332395247050696,1,1.0,0.8923202145482312,FLUX.1-dev,inconclusive
0.8315842747688293,0.5678380687397822,0.0,0.32114390305110385,1,0.44999999999999996,0.9812419800201146,FLUX.1-dev,inconclusive
0.7491332292556763,0.5537115094317064,0.0,0.40083615412303686,1,0.44999999999999996,0.9944396262134992,FLUX.1-dev,inconclusive
0.8944705724716187,0.5516398772171566,0.0,0.2329870547567095,1,0.3,1.0,FLUX.1-dev,inconclusive
0.7113193869590759,0.5428568405268973,0.0,0.594329753860825,1,0.44999999999999996,0.9001402452654603,FLUX.1-dev,inconclusive
0.6161608099937439,0.5154465093719445,0.0,0.44374120235443115,1,0.44999999999999996,0.9811207306918908,FLUX.1-dev,inconclusive
0.8387030363082886,0.5547700108879581,0.0,0.3510590076446533,1,0.44999999999999996,0.8902659961550308,FLUX.1-dev,inconclusive
0.4045487642288208,0.3945215364785395,0.0,0.24530907699040005,1,0.3,0.9431299975542663,FLUX.1-dev,inconclusive
0.3421578109264374,0.41624490790906393,0.0,0.4438632011413574,1,0.44999999999999996,0.8960562225849849,FLUX.1-dev,inconclusive
0.13739070296287537,0.36362963582729874,0.0,0.4679049299074673,1,0.44999999999999996,0.9281096597384471,FLUX.1-dev,inconclusive
0.0939362421631813,0.3228870307944359,0.0,0.2826512472970145,1,0.44999999999999996,0.8822051670789005,FLUX.1-dev,inconclusive
0.9419873952865601,0.6080443147965789,0.0,0.40800426006317136,1,0.44999999999999996,0.9732383510214688,SD3-medium,likely_ai
0.9276163578033447,0.7044884486503348,0.0,0.3462437902178083,1,1.0,0.9578958114377524,SD3-medium,likely_ai
0.882391631603241,0.5513823208782918,0.0,0.2056583625929696,1,0.44999999999999996,0.8804949756901126,SD3-medium,inconclusive
0.7917462587356567,0.527038719067618,0.0,0.6902561562401908,1,0.3,0.8024461291145094,SD3-medium,inconclusive
0.5767225623130798,0.4425057625846783,0.0,0.11897687230791365,1,0.44999999999999996,0.8379565332998149,SD3-medium,inconclusive
0.9112207293510437,0.5600487754963206,0.0,0.29277622359139577,1,0.44999999999999996,0.8370246716593395,SD3-medium,inconclusive
0.1050291582942009,0.34564237372538265,0.0,0.3701526165008545,1,0.44999999999999996,0.9355918229351845,SD3-medium,inconclusive
0.24979881942272186,0.5059438171713178,0.0,0.33517839908599856,1,1.0,0.9874316571795068,SD3-medium,inconclusive
0.34928807616233826,0.3776892354702302,0.0,0.1405506934438433,1,0.44999999999999996,0.844238716385722,SD3-medium,inconclusive
0.8396100401878357,0.6992164619548088,0.0,0.5,1,1.0,0.9866672494922903,SD3-medium,likely_ai
0.9037007689476013,0.6027800292086174,0.0,0.48225717544555663,1,0.44999999999999996,0.9672204048989066,SD3-medium,likely_ai
0.1077040284872055,0.40026672832848337,0.0,0.13446937336878684,1,0.9,0.872542912227215,SD3-medium,inconclusive
0.9077146053314209,0.5278984011421424,0.0,0.1966892963364011,1,0.3,0.8795754495453798,SD3-medium,inconclusive
0.882381796836853,0.5885438462334542,0.0,0.564293335914032,1,0.44999999999999996,0.8869998679549757,SD3-medium,inconclusive
0.8875674605369568,0.5355569818949419,0.0,0.32788982391357424,1,0.3,0.8824888067124872,SD3-medium,inconclusive
0.10308992117643356,0.27953687131385574,0.0,0.21855322633470808,1,0.3,0.8337728616372744,SD3-medium,inconclusive
0.10728055238723755,0.3720737554437507,0.0,0.14093288353511266,1,0.75,0.8789815068703408,SD3-medium,inconclusive
0.7495907545089722,0.5196705354616251,0.0,0.23656508286382957,1,0.44999999999999996,0.9056840041127527,SD3-medium,inconclusive
0.898888885974884,0.5412655636038125,0.0,0.30478810923440114,1,0.3,0.9056004344395361,SD3-medium,inconclusive
0.24849292635917664,0.3516626355999496,0.0,0.1288885797773089,1,0.44999999999999996,0.8711294985723286,SD3-medium,inconclusive
0.6426950693130493,0.49665920390264584,0.0,0.2724338872092111,1,0.44999999999999996,0.9330364719390496,SD3-medium,inconclusive
0.8455328941345215,0.5378016410433702,0.0,0.2545686704771859,1,0.3,0.993424528776476,SD3-medium,inconclusive
0.5141952037811279,0.4284688327472157,0.0,0.16284457274845668,1,0.3,0.9896290716901585,SD3-medium,inconclusive
0.3571114242076874,0.4168644600233744,0.0,0.44032409191131594,1,0.44999999999999996,0.8784931178496831,SD3-medium,inconclusive
0.7312399744987488,0.6560795802729471,0.0,0.36707587923322404,1,1.0,1.0,SD3-medium,likely_ai
0.8389946818351746,0.5269879455067302,0.0,0.10206480366843088,1,0.44999999999999996,0.875415302946674,SD3-medium,inconclusive
0.7937392592430115,0.5264857647102491,0.0,0.16215635538101197,1,0.44999999999999996,0.9107417569962221,SD3-medium,inconclusive
0.07506685703992844,0.31824327138665864,0.0,0.33659970419747487,1,0.44999999999999996,0.860316219274663,SD3-medium,inconclusive
0.8404695391654968,0.5558004422147014,0.0,0.4050592614756454,1,0.44999999999999996,0.8657682715874386,SD3-medium,inconclusive
0.8933695554733276,0.6875207928992846,0.0,0.2892499940735953,1,1.0,0.9529246342496338,SD3-medium,likely_ai
