source,label,prob
dalle2,1,0.80837
dalle2,1,0.122
dalle2,1,0.21867
dalle2,1,0.49707
dalle2,1,0.4149
dalle2,1,0.72643
dalle2,1,0.07627
dalle2,1,0.07082
dalle2,1,0.86824
dalle2,1,0.09207
dalle2,1,0.18286
dalle2,1,0.72331
dalle2,1,0.37251
dalle2,1,0.9007
dalle2,1,0.06053
dalle2,1,0.89256
dalle2,1,0.22287
dalle2,1,0.88818
dalle2,1,0.1394
dalle2,1,0.24945
dalle2,1,0.91383
dalle2,1,0.27747
dalle2,1,0.12443
dalle2,1,0.87824
dalle2,1,0.87977
dalle2,1,0.8288
dalle2,1,0.22474
dalle2,1,0.05598
dalle2,1,0.80837
dalle2,1,0.89256
dalle2,1,0.31447
dalle2,1,0.44119
dalle2,1,0.49072
dalle2,1,0.59219
dalle2,1,0.98796
dalle2,1,0.88179
dalle2,1,0.13592
dalle2,1,0.3221
dalle2,1,0.88769
dalle2,1,0.09637
dalle2,1,0.87748
dalle2,1,0.61231
dalle2,1,0.07159
dalle2,1,0.88273
dalle2,1,0.33285
dalle2,1,0.74688
dalle2,1,0.90665
dalle2,1,0.33112
dalle2,1,0.15974
dalle2,1,0.32595
dalle2,1,0.09773
dalle2,1,0.05277
dalle2,1,0.08756
dalle2,1,0.87935
dalle2,1,0.08021
dalle2,1,0.3281
dalle2,1,0.43879
dalle2,1,0.74261
dalle2,1,0.13776
dalle2,1,0.67619
dalle2,1,0.51318
dalle2,1,0.62567
dalle2,1,0.31531
dalle2,1,0.8426
dalle2,1,0.34378
dalle2,1,0.10932
dalle2,1,0.36297
dalle2,1,0.15843
dalle2,1,0.50879
dalle2,1,0.13905
dalle2,1,0.74205
dalle2,1,0.31743
dalle2,1,0.10762
dalle2,1,0.35131
dalle2,1,0.45036
dalle2,1,0.88691
dalle2,1,0.86966
dalle2,1,0.88543
dalle2,1,0.85464
dalle2,1,0.77322
dalle2,1,0.58652
dalle2,1,0.09947
dalle2,1,0.14475
dalle2,1,0.18684
dalle2,1,0.67147
dalle2,1,0.55206
dalle2,1,0.12907
dalle2,1,0.40969
dalle2,1,0.33242
dalle2,1,0.28418
dalle2,1,0.15457
dalle2,1,0.09343
dalle2,1,0.77932
dalle2,1,0.86726
dalle2,1,0.10213
dalle2,1,0.58035
dalle2,1,0.21077
dalle2,1,0.87852
dalle2,1,0.24945
dalle2,1,0.85084
dalle2,1,0.69472
dalle2,1,0.88464
dalle2,1,0.74092
dalle2,1,0.80317
dalle2,1,0.119
dalle2,1,0.0205
dalle2,1,0.20024
dalle2,1,0.12065
dalle2,1,0.83004
dalle2,1,0.39141
dalle2,1,0.77798
dalle2,1,0.24509
dalle2,1,0.27904
dalle2,1,0.63748
dalle2,1,0.12443
dalle2,1,0.10558
dalle2,1,0.11941
dalle2,1,0.17781
dalle2,1,0.83059
dalle2,1,0.90149
dalle2,1,0.86511
dalle2,1,0.09518
dalle2,1,0.35443
dalle2,1,0.87321
dalle2,1,0.65489
dalle2,1,0.2636
dalle2,1,0.51952
dalle2,1,0.34599
dalle2,1,0.88141
dalle2,1,0.8696
dalle2,1,0.44553
dalle2,1,0.13184
dalle2,1,0.21469
dalle2,1,0.06736
dalle2,1,0.78988
dalle2,1,0.40545
dalle2,1,0.40075
dalle2,1,0.7825
dalle2,1,0.11134
dalle2,1,0.0714
dalle2,1,0.10678
dalle2,1,0.85597
dalle2,1,0.63567
dalle2,1,0.23092
dalle2,1,0.19163
dalle2,1,0.40875
dalle2,1,0.19744
dalle2,1,0.4383
dalle2,1,0.10838
dalle2,1,0.23441
dalle2,1,0.08211
dalle2,1,0.5465
dalle2,1,0.6593
dalle2,1,0.44505
dalle2,1,0.49316
dalle2,1,0.22747
dalle2,1,0.63432
dalle2,1,0.56218
dalle2,1,0.66519
dalle2,1,0.08725
dalle2,1,0.0681
dalle2,1,0.1304
dalle2,1,0.75365
dalle2,1,0.16968
dalle2,1,0.11153
dalle2,1,0.09401
dalle2,1,0.68889
dalle2,1,0.50732
dalle2,1,0.43686
dalle2,1,0.85629
dalle2,1,0.69014
dalle2,1,0.87536
dalle2,1,0.17497
dalle2,1,0.71751
dalle2,1,0.70294
dalle2,1,0.37754
dalle2,1,0.27728
dalle2,1,0.82783
dalle2,1,0.09748
dalle2,1,0.88424
dalle2,1,0.24006
dalle2,1,0.5969
dalle2,1,0.09921
dalle2,1,0.46102
dalle2,1,0.90357
dalle2,1,0.1833
dalle2,1,0.39946
dalle2,1,0.84746
dalle2,1,0.3187
dalle2,1,0.30198
dalle2,1,0.32939
dalle2,1,0.29788
dalle2,1,0.76029
dalle2,1,0.12075
dalle2,1,0.77424
dalle2,1,0.84479
dalle2,1,0.16804
dalle2,1,0.08442
dalle2,1,0.24744
dalle2,1,0.77882
dalle3,1,0.9136
dalle3,1,0.89497
dalle3,1,0.89105
dalle3,1,0.80502
dalle3,1,0.79118
dalle3,1,0.90509
dalle3,1,0.91789
dalle3,1,0.87235
dalle3,1,0.90805
dalle3,1,0.87213
dalle3,1,0.83795
dalle3,1,0.10895
dalle3,1,0.55905
dalle3,1,0.91701
dalle3,1,0.89643
dalle3,1,0.91181
dalle3,1,0.90053
dalle3,1,0.92442
dalle3,1,0.90123
dalle3,1,0.92604
dalle3,1,0.89823
dalle3,1,0.90097
dalle3,1,0.92815
dalle3,1,0.9
dalle3,1,0.91078
dalle3,1,0.92802
dalle3,1,0.90959
dalle3,1,0.90499
dalle3,1,0.86316
dalle3,1,0.91782
dalle3,1,0.91745
dalle3,1,0.89105
dalle3,1,0.90797
dalle3,1,0.88484
dalle3,1,0.87104
dalle3,1,0.86793
dalle3,1,0.89859
dalle3,1,0.92234
dalle3,1,0.83888
dalle3,1,0.878
dalle3,1,0.91935
dalle3,1,0.9007
dalle3,1,0.90959
dalle3,1,0.92462
dalle3,1,0.91444
dalle3,1,0.91134
dalle3,1,0.85476
dalle3,1,0.90503
dalle3,1,0.93245
dalle3,1,0.90557
dalle3,1,0.91181
dalle3,1,0.90632
dalle3,1,0.90943
dalle3,1,0.90991
dalle3,1,0.89256
dalle3,1,0.89181
dalle3,1,0.91536
dalle3,1,0.89921
dalle3,1,0.91641
dalle3,1,0.86636
dalle3,1,0.90566
dalle3,1,0.89768
dalle3,1,0.93288
dalle3,1,0.35131
dalle3,1,0.9344
dalle3,1,0.91738
dalle3,1,0.86994
dalle3,1,0.89589
dalle3,1,0.87769
dalle3,1,0.91848
dalle3,1,0.90105
dalle3,1,0.91626
dalle3,1,0.88141
dalle3,1,0.21601
dalle3,1,0.87191
dalle3,1,0.90295
dalle3,1,0.89805
dalle3,1,0.90482
dalle3,1,0.91641
dalle3,1,0.84441
dalle3,1,0.86328
dalle3,1,0.87915
dalle3,1,0.89068
dalle3,1,0.9152
dalle3,1,0.90846
dalle3,1,0.91892
dalle3,1,0.9113
dalle3,1,0.91429
dalle3,1,0.90515
dalle3,1,0.88924
dalle3,1,0.20947
dalle3,1,0.87104
dalle3,1,0.89029
dalle3,1,0.89589
dalle3,1,0.92617
dalle3,1,0.90682
dalle3,1,0.91596
dalle3,1,0.90698
dalle3,1,0.86013
dalle3,1,0.91275
dalle3,1,0.87956
dalle3,1,0.81611
dalle3,1,0.88202
dalle3,1,0.93343
dalle3,1,0.9215
dalle3,1,0.90661
dalle3,1,0.91337
dalle3,1,0.81435
dalle3,1,0.90682
dalle3,1,0.89405
dalle3,1,0.88563
dalle3,1,0.90261
dalle3,1,0.89497
dalle3,1,0.88598
dalle3,1,0.91877
dalle3,1,0.90414
dalle3,1,0.80973
dalle3,1,0.92387
dalle3,1,0.88404
dalle3,1,0.91055
dalle3,1,0.71938
dalle3,1,0.89331
dalle3,1,0.8793
dalle3,1,0.92684
dalle3,1,0.89752
dalle3,1,0.9038
dalle3,1,0.89571
dalle3,1,0.89461
dalle3,1,0.88613
dalle3,1,0.87397
dalle3,1,0.82076
dalle3,1,0.92755
dalle3,1,0.90731
dalle3,1,0.89752
dalle3,1,0.80007
dalle3,1,0.90599
dalle3,1,0.86339
dalle3,1,0.87147
dalle3,1,0.90448
dalle3,1,0.91086
dalle3,1,0.92387
dalle3,1,0.88701
dalle3,1,0.90515
dalle3,1,0.91368
dalle3,1,0.89912
dalle3,1,0.90123
dalle3,1,0.81728
dalle3,1,0.89029
dalle3,1,0.90731
dalle3,1,0.70962
dalle3,1,0.89625
dalle3,1,0.9229
dalle3,1,0.82219
dalle3,1,0.91165
dalle3,1,0.88258
dalle3,1,0.89058
dalle3,1,0.88003
dalle3,1,0.90813
dalle3,1,0.90959
dalle3,1,0.90682
dalle3,1,0.92164
dalle3,1,0.92248
dalle3,1,0.9078
dalle3,1,0.86293
dalle3,1,0.92644
dalle3,1,0.89607
dalle3,1,0.89859
dalle3,1,0.89048
dalle3,1,0.88233
dalle3,1,0.91935
dalle3,1,0.91611
dalle3,1,0.90209
dalle3,1,0.88303
dalle3,1,0.87278
dalle3,1,0.90532
dalle3,1,0.84052
dalle3,1,0.90209
dalle3,1,0.92684
dalle3,1,0.87774
dalle3,1,0.9222
dalle3,1,0.92428
dalle3,1,0.84196
dalle3,1,0.91406
dalle3,1,0.90959
dalle3,1,0.88583
dalle3,1,0.91398
dalle3,1,0.91039
dalle3,1,0.86037
dalle3,1,0.88394
dalle3,1,0.91165
dalle3,1,0.9267
dalle3,1,0.92359
dalle3,1,0.9115
dalle3,1,0.87321
dalle3,1,0.88982
dalle3,1,0.90532
dalle3,1,0.89679
dalle3,1,0.92345
dalle3,1,0.92854
dalle3,1,0.91789
firefly,1,0.36614
firefly,1,0.31743
firefly,1,0.16586
firefly,1,0.21601
firefly,1,0.84947
firefly,1,0.47902
firefly,1,0.0625
firefly,1,0.62749
firefly,1,0.8067
firefly,1,0.20514
firefly,1,0.89506
firefly,1,0.54432
firefly,1,0.17867
firefly,1,0.33459
firefly,1,0.5
firefly,1,0.8041
firefly,1,0.74725
firefly,1,0.18922
firefly,1,0.71023
firefly,1,0.06785
firefly,1,0.13319
firefly,1,0.75887
firefly,1,0.1042
firefly,1,0.88283
firefly,1,0.90894
firefly,1,0.85452
firefly,1,0.0864
firefly,1,0.62612
firefly,1,0.21453
firefly,1,0.90465
firefly,1,0.77305
firefly,1,0.60673
firefly,1,0.91275
firefly,1,0.18447
firefly,1,0.05765
firefly,1,0.68889
firefly,1,0.66541
firefly,1,0.09318
firefly,1,0.11849
firefly,1,0.78498
firefly,1,0.119
firefly,1,0.72798
firefly,1,0.73488
firefly,1,0.10999
firefly,1,0.2926
firefly,1,0.06761
firefly,1,0.07192
firefly,1,0.01781
firefly,1,0.58936
firefly,1,0.51903
firefly,1,0.91964
firefly,1,0.73716
firefly,1,0.781
firefly,1,0.81989
firefly,1,0.64713
firefly,1,0.11869
firefly,1,0.09705
firefly,1,0.14756
firefly,1,0.56937
firefly,1,0.90209
firefly,1,0.44553
firefly,1,0.12787
firefly,1,0.89228
firefly,1,0.85096
firefly,1,0.48975
firefly,1,0.60159
firefly,1,0.89787
firefly,1,0.27786
firefly,1,0.91294
firefly,1,0.86258
firefly,1,0.79279
firefly,1,0.865
firefly,1,0.58983
firefly,1,0.51611
firefly,1,0.51416
firefly,1,0.12582
firefly,1,0.74317
firefly,1,0.80882
firefly,1,0.8631
firefly,1,0.09163
firefly,1,0.09326
firefly,1,0.19884
firefly,1,0.33285
firefly,1,0.68342
firefly,1,0.28977
firefly,1,0.62154
firefly,1,0.88344
firefly,1,0.70518
firefly,1,0.76225
firefly,1,0.90482
firefly,1,0.5166
firefly,1,0.85872
firefly,1,0.11717
firefly,1,0.11972
firefly,1,0.122
firefly,1,0.16735
firefly,1,0.82727
firefly,1,0.07745
firefly,1,0.40686
firefly,1,0.20087
firefly,1,0.47049
firefly,1,0.25758
firefly,1,0.31363
firefly,1,0.43782
firefly,1,0.21601
firefly,1,0.67362
firefly,1,0.90209
firefly,1,0.11941
firefly,1,0.07648
firefly,1,0.71223
firefly,1,0.17867
firefly,1,0.0851
firefly,1,0.16749
firefly,1,0.59643
firefly,1,0.7919
firefly,1,0.63386
firefly,1,0.87663
firefly,1,0.21535
firefly,1,0.64869
firefly,1,0.39981
firefly,1,0.3372
firefly,1,0.69035
firefly,1,0.13229
firefly,1,0.92684
firefly,1,0.14584
firefly,1,0.09543
firefly,1,0.27786
firefly,1,0.91863
firefly,1,0.56121
firefly,1,0.07062
firefly,1,0.92007
firefly,1,0.18272
firefly,1,0.86545
firefly,1,0.89368
firefly,1,0.87191
firefly,1,0.52293
firefly,1,0.04987
firefly,1,0.44988
firefly,1,0.93404
firefly,1,0.88243
firefly,1,0.5317
firefly,1,0.1126
firefly,1,0.91118
firefly,1,0.88578
firefly,1,0.55833
firefly,1,0.91142
firefly,1,0.35757
firefly,1,0.17078
firefly,1,0.87354
firefly,1,0.54722
firefly,1,0.9252
firefly,1,0.87579
firefly,1,0.27164
firefly,1,0.87365
firefly,1,0.82643
firefly,1,0.15228
firefly,1,0.74909
firefly,1,0.10678
firefly,1,0.09654
firefly,1,0.79613
firefly,1,0.11009
firefly,1,0.77999
firefly,1,0.79819
firefly,1,0.55061
firefly,1,0.10302
firefly,1,0.15103
firefly,1,0.08914
firefly,1,0.09834
firefly,1,0.85753
firefly,1,0.66367
firefly,1,0.2077
firefly,1,0.21767
firefly,1,0.16695
firefly,1,0.46393
firefly,1,0.92248
firefly,1,0.09662
firefly,1,0.7478
firefly,1,0.08741
firefly,1,0.21585
firefly,1,0.83468
firefly,1,0.92122
firefly,1,0.79566
firefly,1,0.81874
firefly,1,0.32982
firefly,1,0.93511
firefly,1,0.17189
firefly,1,0.6478
firefly,1,0.90665
firefly,1,0.20786
firefly,1,0.92332
firefly,1,0.16654
firefly,1,0.75037
firefly,1,0.10222
firefly,1,0.08021
firefly,1,0.09947
firefly,1,0.93891
firefly,1,0.18506
firefly,1,0.89983
firefly,1,0.41537
firefly,1,0.08686
glide,1,0.89424
glide,1,0.91212
glide,1,0.9173
glide,1,0.90088
glide,1,0.47512
glide,1,0.91611
glide,1,0.92577
glide,1,0.89181
glide,1,0.88324
glide,1,0.92248
glide,1,0.87946
glide,1,0.73905
glide,1,0.90192
glide,1,0.91715
glide,1,0.49121
glide,1,0.82147
glide,1,0.68553
glide,1,0.81361
glide,1,0.87504
glide,1,0.90587
glide,1,0.8413
glide,1,0.76647
glide,1,0.91789
glide,1,0.92304
glide,1,0.89616
glide,1,0.87727
glide,1,0.92192
glide,1,0.87579
glide,1,0.87557
glide,1,0.59361
glide,1,0.93869
glide,1,0.83947
glide,1,0.87256
glide,1,0.89068
glide,1,0.88212
glide,1,0.88533
glide,1,0.91086
glide,1,0.9115
glide,1,0.9152
glide,1,0.94948
glide,1,0.57654
glide,1,0.82333
glide,1,0.87873
glide,1,0.58225
glide,1,0.91062
glide,1,0.87303
glide,1,0.91921
glide,1,0.92022
glide,1,0.87579
glide,1,0.9087
glide,1,0.87397
glide,1,0.92577
glide,1,0.51269
glide,1,0.92841
glide,1,0.87027
glide,1,0.90959
glide,1,0.85585
glide,1,0.87873
glide,1,0.80822
glide,1,0.92944
glide,1,0.89124
glide,1,0.80609
glide,1,0.83735
glide,1,0.84683
glide,1,0.5205
glide,1,0.88876
glide,1,0.85621
glide,1,0.9173
glide,1,0.92234
glide,1,0.90715
glide,1,0.85884
glide,1,0.92304
glide,1,0.87956
glide,1,0.88182
glide,1,0.83987
glide,1,0.91007
glide,1,0.95946
glide,1,0.90926
glide,1,0.91102
glide,1,0.79661
glide,1,0.86838
glide,1,0.92255
glide,1,0.90846
glide,1,0.83769
glide,1,0.85561
glide,1,0.8997
glide,1,0.77029
glide,1,0.72764
glide,1,0.95096
glide,1,0.89814
glide,1,0.94165
glide,1,0.83004
glide,1,0.78728
glide,1,0.9395
glide,1,0.90632
glide,1,0.92789
glide,1,0.9007
glide,1,0.90532
glide,1,0.91848
glide,1,0.91045
glide,1,0.90244
glide,1,0.90431
glide,1,0.66454
glide,1,0.86397
glide,1,0.756
glide,1,0.93159
glide,1,0.89294
glide,1,0.91007
glide,1,0.87663
glide,1,0.21174
glide,1,0.89143
glide,1,0.83251
glide,1,0.91406
glide,1,0.90649
glide,1,0.93558
glide,1,0.8911
glide,1,0.85585
glide,1,0.30715
glide,1,0.88972
glide,1,0.91906
glide,1,0.92107
glide,1,0.88972
glide,1,0.89405
glide,1,0.83169
glide,1,0.93428
glide,1,0.14463
glide,1,0.80761
glide,1,0.95869
glide,1,0.95345
glide,1,0.88384
glide,1,0.86658
glide,1,0.84026
glide,1,0.88563
glide,1,0.8544
glide,1,0.89534
glide,1,0.94165
glide,1,0.65489
glide,1,0.51611
glide,1,0.88514
glide,1,0.14694
glide,1,0.83387
glide,1,0.90599
glide,1,0.75779
glide,1,0.87126
glide,1,0.91877
glide,1,0.89479
glide,1,0.93331
glide,1,0.90209
glide,1,0.89894
glide,1,0.91712
glide,1,0.91789
glide,1,0.83868
glide,1,0.10195
glide,1,0.89312
glide,1,0.91276
glide,1,0.91905
glide,1,0.84467
glide,1,0.92802
glide,1,0.90157
glide,1,0.86454
glide,1,0.72076
glide,1,0.89983
glide,1,0.39981
glide,1,0.9263
glide,1,0.91671
glide,1,0.89312
glide,1,0.90731
glide,1,0.89571
glide,1,0.91437
glide,1,0.801
glide,1,0.9152
glide,1,0.68257
glide,1,0.54843
glide,1,0.92276
glide,1,0.87811
glide,1,0.75708
glide,1,0.86749
glide,1,0.92262
glide,1,0.88504
glide,1,0.88028
glide,1,0.94208
glide,1,0.90044
glide,1,0.84441
glide,1,0.95775
glide,1,0.91957
glide,1,0.50732
glide,1,0.94101
glide,1,0.9205
glide,1,0.90363
glide,1,0.89497
glide,1,0.92841
glide,1,0.86726
glide,1,0.90035
glide,1,0.81242
glide,1,0.83046
glide,1,0.86949
glide,1,0.90457
glide,1,0.92469
glide,1,0.89734
glide,1,0.81494
midjourney-v5,1,0.63884
midjourney-v5,1,0.83973
midjourney-v5,1,0.90018
midjourney-v5,1,0.22389
midjourney-v5,1,0.22636
midjourney-v5,1,0.81242
midjourney-v5,1,0.80441
midjourney-v5,1,0.89948
midjourney-v5,1,0.8453
midjourney-v5,1,0.54674
midjourney-v5,1,0.18506
midjourney-v5,1,0.86339
midjourney-v5,1,0.92065
midjourney-v5,1,0.57607
midjourney-v5,1,0.88212
midjourney-v5,1,0.88622
midjourney-v5,1,0.80579
midjourney-v5,1,0.85391
midjourney-v5,1,0.66628
midjourney-v5,1,0.95549
midjourney-v5,1,0.9078
midjourney-v5,1,0.38145
midjourney-v5,1,0.28537
midjourney-v5,1,0.9269
midjourney-v5,1,0.73942
midjourney-v5,1,0.14854
midjourney-v5,1,0.54383
midjourney-v5,1,0.84947
midjourney-v5,1,0.9187
midjourney-v5,1,0.54529
midjourney-v5,1,0.35309
midjourney-v5,1,0.88202
midjourney-v5,1,0.85047
midjourney-v5,1,0.88943
midjourney-v5,1,0.6023
midjourney-v5,1,0.8522
midjourney-v5,1,0.78316
midjourney-v5,1,0.29219
midjourney-v5,1,0.08211
midjourney-v5,1,0.12169
midjourney-v5,1,0.79246
midjourney-v5,1,0.32853
midjourney-v5,1,0.07914
midjourney-v5,1,0.91118
midjourney-v5,1,0.53656
midjourney-v5,1,0.89029
midjourney-v5,1,0.66105
midjourney-v5,1,0.20641
midjourney-v5,1,0.70538
midjourney-v5,1,0.90894
midjourney-v5,1,0.32767
midjourney-v5,1,0.46393
midjourney-v5,1,0.93046
midjourney-v5,1,0.79566
midjourney-v5,1,0.5448
midjourney-v5,1,0.91505
midjourney-v5,1,0.51611
midjourney-v5,1,0.90524
midjourney-v5,1,0.90175
midjourney-v5,1,0.71103
midjourney-v5,1,0.89912
midjourney-v5,1,0.73067
midjourney-v5,1,0.79502
midjourney-v5,1,0.21502
midjourney-v5,1,0.93171
midjourney-v5,1,0.88759
midjourney-v5,1,0.12475
midjourney-v5,1,0.92995
midjourney-v5,1,0.75797
midjourney-v5,1,0.47317
midjourney-v5,1,0.83114
midjourney-v5,1,0.11636
midjourney-v5,1,0.23388
midjourney-v5,1,0.31321
midjourney-v5,1,0.09722
midjourney-v5,1,0.81699
midjourney-v5,1,0.87173
midjourney-v5,1,0.89661
midjourney-v5,1,0.76083
midjourney-v5,1,0.8491
midjourney-v5,1,0.90053
midjourney-v5,1,0.87727
midjourney-v5,1,0.75708
midjourney-v5,1,0.91177
midjourney-v5,1,0.9146
midjourney-v5,1,0.89424
midjourney-v5,1,0.21077
midjourney-v5,1,0.80341
midjourney-v5,1,0.8239
midjourney-v5,1,0.80302
midjourney-v5,1,0.69925
midjourney-v5,1,0.17455
midjourney-v5,1,0.76734
midjourney-v5,1,0.89846
midjourney-v5,1,0.94155
midjourney-v5,1,0.43494
midjourney-v5,1,0.61277
midjourney-v5,1,0.88044
midjourney-v5,1,0.88243
midjourney-v5,1,0.79582
midjourney-v5,1,0.08367
midjourney-v5,1,0.88905
midjourney-v5,1,0.8642
midjourney-v5,1,0.76943
midjourney-v5,1,0.87191
midjourney-v5,1,0.89488
midjourney-v5,1,0.50049
midjourney-v5,1,0.13409
midjourney-v5,1,0.84809
midjourney-v5,1,0.24042
midjourney-v5,1,0.82783
midjourney-v5,1,0.95803
midjourney-v5,1,0.88151
midjourney-v5,1,0.75347
midjourney-v5,1,0.92107
midjourney-v5,1,0.90295
midjourney-v5,1,0.39794
midjourney-v5,1,0.28857
midjourney-v5,1,0.74017
midjourney-v5,1,0.87663
midjourney-v5,1,0.86107
midjourney-v5,1,0.88404
midjourney-v5,1,0.73029
midjourney-v5,1,0.91811
midjourney-v5,1,0.23196
midjourney-v5,1,0.85047
midjourney-v5,1,0.93599
midjourney-v5,1,0.89859
midjourney-v5,1,0.91414
midjourney-v5,1,0.71542
midjourney-v5,1,0.80655
midjourney-v5,1,0.85657
midjourney-v5,1,0.89607
midjourney-v5,1,0.90632
midjourney-v5,1,0.84104
midjourney-v5,1,0.89948
midjourney-v5,1,0.58486
midjourney-v5,1,0.87597
midjourney-v5,1,0.77424
midjourney-v5,1,0.92469
midjourney-v5,1,0.60627
midjourney-v5,1,0.63929
midjourney-v5,1,0.9092
midjourney-v5,1,0.9297
midjourney-v5,1,0.63996
midjourney-v5,1,0.56314
midjourney-v5,1,0.06999
midjourney-v5,1,0.85585
midjourney-v5,1,0.87483
midjourney-v5,1,0.67448
midjourney-v5,1,0.88583
midjourney-v5,1,0.70518
midjourney-v5,1,0.90532
midjourney-v5,1,0.88876
midjourney-v5,1,0.58983
midjourney-v5,1,0.11828
midjourney-v5,1,0.69637
midjourney-v5,1,0.03849
midjourney-v5,1,0.89877
midjourney-v5,1,0.91023
midjourney-v5,1,0.92523
midjourney-v5,1,0.82219
midjourney-v5,1,0.91321
midjourney-v5,1,0.71741
midjourney-v5,1,0.85269
midjourney-v5,1,0.7182
midjourney-v5,1,0.87863
midjourney-v5,1,0.71662
midjourney-v5,1,0.89607
midjourney-v5,1,0.87104
midjourney-v5,1,0.88934
midjourney-v5,1,0.92366
midjourney-v5,1,0.9229
midjourney-v5,1,0.90632
midjourney-v5,1,0.88563
midjourney-v5,1,0.91429
midjourney-v5,1,0.24671
midjourney-v5,1,0.92657
midjourney-v5,1,0.72017
midjourney-v5,1,0.64512
midjourney-v5,1,0.94906
midjourney-v5,1,0.23301
midjourney-v5,1,0.86444
midjourney-v5,1,0.82727
midjourney-v5,1,0.87695
midjourney-v5,1,0.09662
midjourney-v5,1,0.53607
midjourney-v5,1,0.84582
midjourney-v5,1,0.53218
midjourney-v5,1,0.91581
midjourney-v5,1,0.58842
midjourney-v5,1,0.63023
midjourney-v5,1,0.08977
midjourney-v5,1,0.82247
midjourney-v5,1,0.73488
midjourney-v5,1,0.91551
midjourney-v5,1,0.39141
midjourney-v5,1,0.91197
midjourney-v5,1,0.8993
midjourney-v5,1,0.90175
stable-diffusion-1-3,1,0.07192
stable-diffusion-1-3,1,0.88861
stable-diffusion-1-3,1,0.08945
stable-diffusion-1-3,1,0.87842
stable-diffusion-1-3,1,0.87343
stable-diffusion-1-3,1,0.62932
stable-diffusion-1-3,1,0.90192
stable-diffusion-1-3,1,0.10284
stable-diffusion-1-3,1,0.87557
stable-diffusion-1-3,1,0.80754
stable-diffusion-1-3,1,0.82629
stable-diffusion-1-3,1,0.61509
stable-diffusion-1-3,1,0.41822
stable-diffusion-1-3,1,0.87557
stable-diffusion-1-3,1,0.88657
stable-diffusion-1-3,1,0.85681
stable-diffusion-1-3,1,0.91275
stable-diffusion-1-3,1,0.89948
stable-diffusion-1-3,1,0.80279
stable-diffusion-1-3,1,0.83087
stable-diffusion-1-3,1,0.8239
stable-diffusion-1-3,1,0.86905
stable-diffusion-1-3,1,0.89679
stable-diffusion-1-3,1,0.32681
stable-diffusion-1-3,1,0.8873
stable-diffusion-1-3,1,0.62635
stable-diffusion-1-3,1,0.91906
stable-diffusion-1-3,1,0.93523
stable-diffusion-1-3,1,0.87811
stable-diffusion-1-3,1,0.83868
stable-diffusion-1-3,1,0.91727
stable-diffusion-1-3,1,0.89181
stable-diffusion-1-3,1,0.85913
stable-diffusion-1-3,1,0.71063
stable-diffusion-1-3,1,0.49121
stable-diffusion-1-3,1,0.28378
stable-diffusion-1-3,1,0.36523
stable-diffusion-1-3,1,0.27416
stable-diffusion-1-3,1,0.78465
stable-diffusion-1-3,1,0.37319
stable-diffusion-1-3,1,0.88243
stable-diffusion-1-3,1,0.83312
stable-diffusion-1-3,1,0.89778
stable-diffusion-1-3,1,0.0909
stable-diffusion-1-3,1,0.18126
stable-diffusion-1-3,1,0.49121
stable-diffusion-1-3,1,0.57845
stable-diffusion-1-3,1,0.05802
stable-diffusion-1-3,1,0.77107
stable-diffusion-1-3,1,0.91475
stable-diffusion-1-3,1,0.82949
stable-diffusion-1-3,1,0.88278
stable-diffusion-1-3,1,0.74055
stable-diffusion-1-3,1,0.92577
stable-diffusion-1-3,1,0.16185
stable-diffusion-1-3,1,0.93558
stable-diffusion-1-3,1,0.88161
stable-diffusion-1-3,1,0.87461
stable-diffusion-1-3,1,0.89575
stable-diffusion-1-3,1,0.92107
stable-diffusion-1-3,1,0.57511
stable-diffusion-1-3,1,0.93196
stable-diffusion-1-3,1,0.39327
stable-diffusion-1-3,1,0.644
stable-diffusion-1-3,1,0.54335
stable-diffusion-1-3,1,0.84897
stable-diffusion-1-3,1,0.84645
stable-diffusion-1-3,1,0.24726
stable-diffusion-1-3,1,0.90105
stable-diffusion-1-3,1,0.35131
stable-diffusion-1-3,1,0.81153
stable-diffusion-1-3,1,0.83018
stable-diffusion-1-3,1,0.51781
stable-diffusion-1-3,1,0.88563
stable-diffusion-1-3,1,0.28537
stable-diffusion-1-3,1,0.38122
stable-diffusion-1-3,1,0.718
stable-diffusion-1-3,1,0.63567
stable-diffusion-1-3,1,0.19869
stable-diffusion-1-3,1,0.39373
stable-diffusion-1-3,1,0.91337
stable-diffusion-1-3,1,0.88243
stable-diffusion-1-3,1,0.88895
stable-diffusion-1-3,1,0.21867
stable-diffusion-1-3,1,0.88759
stable-diffusion-1-3,1,0.83921
stable-diffusion-1-3,1,0.47561
stable-diffusion-1-3,1,0.07957
stable-diffusion-1-3,1,0.43374
stable-diffusion-1-3,1,0.82587
stable-diffusion-1-3,1,0.80556
stable-diffusion-1-3,1,0.9146
stable-diffusion-1-3,1,0.06792
stable-diffusion-1-3,1,0.88464
stable-diffusion-1-3,1,0.04841
stable-diffusion-1-3,1,0.5205
stable-diffusion-1-3,1,0.27087
stable-diffusion-1-3,1,0.88303
stable-diffusion-1-3,1,0.09843
stable-diffusion-1-3,1,0.82446
stable-diffusion-1-3,1,0.34643
stable-diffusion-1-3,1,0.12744
stable-diffusion-1-3,1,0.15935
stable-diffusion-1-3,1,0.85741
stable-diffusion-1-3,1,0.94542
stable-diffusion-1-3,1,0.76489
stable-diffusion-1-3,1,0.89442
stable-diffusion-1-3,1,0.93294
stable-diffusion-1-3,1,0.45908
stable-diffusion-1-3,1,0.54444
stable-diffusion-1-3,1,0.81494
stable-diffusion-1-3,1,0.30736
stable-diffusion-1-3,1,0.71143
stable-diffusion-1-3,1,0.8417
stable-diffusion-1-3,1,0.91452
stable-diffusion-1-3,1,0.77012
stable-diffusion-1-3,1,0.85585
stable-diffusion-1-3,1,0.8686
stable-diffusion-1-3,1,0.1065
stable-diffusion-1-3,1,0.20882
stable-diffusion-1-3,1,0.90329
stable-diffusion-1-3,1,0.76977
stable-diffusion-1-3,1,0.29381
stable-diffusion-1-3,1,0.34599
stable-diffusion-1-3,1,0.90902
stable-diffusion-1-3,1,0.71143
stable-diffusion-1-3,1,0.74927
stable-diffusion-1-3,1,0.25983
stable-diffusion-1-3,1,0.90599
stable-diffusion-1-3,1,0.89778
stable-diffusion-1-3,1,0.0871
stable-diffusion-1-3,1,0.88039
stable-diffusion-1-3,1,0.94479
stable-diffusion-1-3,1,0.95004
stable-diffusion-1-3,1,0.72037
stable-diffusion-1-3,1,0.78695
stable-diffusion-1-3,1,0.93608
stable-diffusion-1-3,1,0.37938
stable-diffusion-1-3,1,0.76943
stable-diffusion-1-3,1,0.91039
stable-diffusion-1-3,1,0.3429
stable-diffusion-1-3,1,0.88934
stable-diffusion-1-3,1,0.11417
stable-diffusion-1-3,1,0.94967
stable-diffusion-1-3,1,0.80379
stable-diffusion-1-3,1,0.24221
stable-diffusion-1-3,1,0.8808
stable-diffusion-1-3,1,0.7715
stable-diffusion-1-3,1,0.92206
stable-diffusion-1-3,1,0.93401
stable-diffusion-1-3,1,0.26095
stable-diffusion-1-3,1,0.17259
stable-diffusion-1-3,1,0.81063
stable-diffusion-1-3,1,0.12885
stable-diffusion-1-3,1,0.09302
stable-diffusion-1-3,1,0.76943
stable-diffusion-1-3,1,0.48584
stable-diffusion-1-3,1,0.64691
stable-diffusion-1-3,1,0.11737
stable-diffusion-1-3,1,0.86072
stable-diffusion-1-3,1,0.69472
stable-diffusion-1-3,1,0.8145
stable-diffusion-1-3,1,0.54722
stable-diffusion-1-3,1,0.83842
stable-diffusion-1-3,1,0.71859
stable-diffusion-1-3,1,0.15649
stable-diffusion-1-3,1,0.11214
stable-diffusion-1-3,1,0.21174
stable-diffusion-1-3,1,0.12679
stable-diffusion-1-3,1,0.89368
stable-diffusion-1-3,1,0.48975
stable-diffusion-1-3,1,0.85146
stable-diffusion-1-3,1,0.83655
stable-diffusion-1-3,1,0.7773
stable-diffusion-1-3,1,0.59596
stable-diffusion-1-3,1,0.89921
stable-diffusion-1-3,1,0.69181
stable-diffusion-1-3,1,0.16345
stable-diffusion-1-3,1,0.56506
stable-diffusion-1-3,1,0.93351
stable-diffusion-1-3,1,0.88464
stable-diffusion-1-3,1,0.81339
stable-diffusion-1-3,1,0.14343
stable-diffusion-1-3,1,0.2818
stable-diffusion-1-3,1,0.91652
stable-diffusion-1-3,1,0.91833
stable-diffusion-1-3,1,0.85633
stable-diffusion-1-3,1,0.66866
stable-diffusion-1-3,1,0.15053
stable-diffusion-1-3,1,0.72701
stable-diffusion-1-3,1,0.92234
stable-diffusion-1-3,1,0.86025
stable-diffusion-1-3,1,0.2572
stable-diffusion-1-3,1,0.892
stable-diffusion-1-3,1,0.13823
stable-diffusion-1-3,1,0.88151
stable-diffusion-1-3,1,0.13987
stable-diffusion-1-3,1,0.9267
stable-diffusion-1-3,1,0.94208
stable-diffusion-1-3,1,0.89589
stable-diffusion-1-4,1,0.83332
stable-diffusion-1-4,1,0.66888
stable-diffusion-1-4,1,0.86165
stable-diffusion-1-4,1,0.38955
stable-diffusion-1-4,1,0.14283
stable-diffusion-1-4,1,0.95923
stable-diffusion-1-4,1,0.90406
stable-diffusion-1-4,1,0.38399
stable-diffusion-1-4,1,0.52147
stable-diffusion-1-4,1,0.88172
stable-diffusion-1-4,1,0.93245
stable-diffusion-1-4,1,0.78498
stable-diffusion-1-4,1,0.36614
stable-diffusion-1-4,1,0.32681
stable-diffusion-1-4,1,0.9107
stable-diffusion-1-4,1,0.88563
stable-diffusion-1-4,1,0.93902
stable-diffusion-1-4,1,0.18477
stable-diffusion-1-4,1,0.54964
stable-diffusion-1-4,1,0.82811
stable-diffusion-1-4,1,0.72272
stable-diffusion-1-4,1,0.2655
stable-diffusion-1-4,1,0.87515
stable-diffusion-1-4,1,0.50635
stable-diffusion-1-4,1,0.15304
stable-diffusion-1-4,1,0.14152
stable-diffusion-1-4,1,0.14451
stable-diffusion-1-4,1,0.92867
stable-diffusion-1-4,1,0.862
stable-diffusion-1-4,1,0.85872
stable-diffusion-1-4,1,0.7272
stable-diffusion-1-4,1,0.76136
stable-diffusion-1-4,1,0.72913
stable-diffusion-1-4,1,0.7428
stable-diffusion-1-4,1,0.92079
stable-diffusion-1-4,1,0.72739
stable-diffusion-1-4,1,0.22885
stable-diffusion-1-4,1,0.88161
stable-diffusion-1-4,1,0.30673
stable-diffusion-1-4,1,0.90142
stable-diffusion-1-4,1,0.22169
stable-diffusion-1-4,1,0.91797
stable-diffusion-1-4,1,0.84696
stable-diffusion-1-4,1,0.13846
stable-diffusion-1-4,1,0.603
stable-diffusion-1-4,1,0.09163
stable-diffusion-1-4,1,0.9173
stable-diffusion-1-4,1,0.87748
stable-diffusion-1-4,1,0.90797
stable-diffusion-1-4,1,0.91398
stable-diffusion-1-4,1,0.68553
stable-diffusion-1-4,1,0.89516
stable-diffusion-1-4,1,0.45908
stable-diffusion-1-4,1,0.36568
stable-diffusion-1-4,1,0.95103
stable-diffusion-1-4,1,0.52342
stable-diffusion-1-4,1,0.77798
stable-diffusion-1-4,1,0.67405
stable-diffusion-1-4,1,0.91212
stable-diffusion-1-4,1,0.85269
stable-diffusion-1-4,1,0.22542
stable-diffusion-1-4,1,0.91345
stable-diffusion-1-4,1,0.88603
stable-diffusion-1-4,1,0.89886
stable-diffusion-1-4,1,0.8902
stable-diffusion-1-4,1,0.86894
stable-diffusion-1-4,1,0.66931
stable-diffusion-1-4,1,0.02596
stable-diffusion-1-4,1,0.79882
stable-diffusion-1-4,1,0.37525
stable-diffusion-1-4,1,0.87493
stable-diffusion-1-4,1,0.62567
stable-diffusion-1-4,1,0.62062
stable-diffusion-1-4,1,0.9002
stable-diffusion-1-4,1,0.3359
stable-diffusion-1-4,1,0.63613
stable-diffusion-1-4,1,0.8196
stable-diffusion-1-4,1,0.83169
stable-diffusion-1-4,1,0.29098
stable-diffusion-1-4,1,0.13251
stable-diffusion-1-4,1,0.43158
stable-diffusion-1-4,1,0.89029
stable-diffusion-1-4,1,0.91826
stable-diffusion-1-4,1,0.20818
stable-diffusion-1-4,1,0.55351
stable-diffusion-1-4,1,0.83114
stable-diffusion-1-4,1,0.43063
stable-diffusion-1-4,1,0.92407
stable-diffusion-1-4,1,0.16318
stable-diffusion-1-4,1,0.18892
stable-diffusion-1-4,1,0.70982
stable-diffusion-1-4,1,0.43927
stable-diffusion-1-4,1,0.37159
stable-diffusion-1-4,1,0.84772
stable-diffusion-1-4,1,0.73791
stable-diffusion-1-4,1,0.87256
stable-diffusion-1-4,1,0.39794
stable-diffusion-1-4,1,0.80286
stable-diffusion-1-4,1,0.6449
stable-diffusion-1-4,1,0.24509
stable-diffusion-1-4,1,0.95209
stable-diffusion-1-4,1,0.15431
stable-diffusion-1-4,1,0.7531
stable-diffusion-1-4,1,0.83973
stable-diffusion-1-4,1,0.94896
stable-diffusion-1-4,1,0.91275
stable-diffusion-1-4,1,0.3335
stable-diffusion-1-4,1,0.80988
stable-diffusion-1-4,1,0.42537
stable-diffusion-1-4,1,0.5617
stable-diffusion-1-4,1,0.83387
stable-diffusion-1-4,1,0.31363
stable-diffusion-1-4,1,0.9576
stable-diffusion-1-4,1,0.1324
stable-diffusion-1-4,1,0.90715
stable-diffusion-1-4,1,0.86107
stable-diffusion-1-4,1,0.91259
stable-diffusion-1-4,1,0.27396
stable-diffusion-1-4,1,0.4649
stable-diffusion-1-4,1,0.86534
stable-diffusion-1-4,1,0.09451
stable-diffusion-1-4,1,0.09817
stable-diffusion-1-4,1,0.15279
stable-diffusion-1-4,1,0.84922
stable-diffusion-1-4,1,0.12189
stable-diffusion-1-4,1,0.0913
stable-diffusion-1-4,1,0.82133
stable-diffusion-1-4,1,0.92132
stable-diffusion-1-4,1,0.80973
stable-diffusion-1-4,1,0.09739
stable-diffusion-1-4,1,0.90532
stable-diffusion-1-4,1,0.90854
stable-diffusion-1-4,1,0.9205
stable-diffusion-1-4,1,0.86528
stable-diffusion-1-4,1,0.80379
stable-diffusion-1-4,1,0.83224
stable-diffusion-1-4,1,0.86247
stable-diffusion-1-4,1,0.17231
stable-diffusion-1-4,1,0.94694
stable-diffusion-1-4,1,0.87909
stable-diffusion-1-4,1,0.69202
stable-diffusion-1-4,1,0.0827
stable-diffusion-1-4,1,0.93337
stable-diffusion-1-4,1,0.33112
stable-diffusion-1-4,1,0.92657
stable-diffusion-1-4,1,0.75092
stable-diffusion-1-4,1,0.63205
stable-diffusion-1-4,1,0.12263
stable-diffusion-1-4,1,0.91626
stable-diffusion-1-4,1,0.11009
stable-diffusion-1-4,1,0.10819
stable-diffusion-1-4,1,0.80897
stable-diffusion-1-4,1,0.5278
stable-diffusion-1-4,1,0.37892
stable-diffusion-1-4,1,0.92311
stable-diffusion-1-4,1,0.51269
stable-diffusion-1-4,1,0.9304
stable-diffusion-1-4,1,0.22713
stable-diffusion-1-4,1,0.91118
stable-diffusion-1-4,1,0.09179
stable-diffusion-1-4,1,0.54238
stable-diffusion-1-4,1,0.12485
stable-diffusion-1-4,1,0.88434
stable-diffusion-1-4,1,0.13006
stable-diffusion-1-4,1,0.12013
stable-diffusion-1-4,1,0.81302
stable-diffusion-1-4,1,0.89124
stable-diffusion-1-4,1,0.21207
stable-diffusion-1-4,1,0.75055
stable-diffusion-1-4,1,0.3942
stable-diffusion-1-4,1,0.91892
stable-diffusion-1-4,1,0.85109
stable-diffusion-1-4,1,0.42298
stable-diffusion-1-4,1,0.88866
stable-diffusion-1-4,1,0.89294
stable-diffusion-1-4,1,0.15165
stable-diffusion-1-4,1,0.61601
stable-diffusion-1-4,1,0.41781
stable-diffusion-1-4,1,0.93236
stable-diffusion-1-4,1,0.90698
stable-diffusion-1-4,1,0.87501
stable-diffusion-1-4,1,0.11516
stable-diffusion-1-4,1,0.07011
stable-diffusion-1-4,1,0.91406
stable-diffusion-1-4,1,0.85726
stable-diffusion-1-4,1,0.12874
stable-diffusion-1-4,1,0.67427
stable-diffusion-1-4,1,0.63046
stable-diffusion-1-4,1,0.54141
stable-diffusion-1-4,1,0.87451
stable-diffusion-1-4,1,0.07935
stable-diffusion-1-4,1,0.5813
stable-diffusion-1-4,1,0.89661
stable-diffusion-1-4,1,0.93294
stable-diffusion-1-4,1,0.84897
stable-diffusion-1-4,1,0.0885
stable-diffusion-1-4,1,0.14022
stable-diffusion-1-4,1,0.81699
stable-diffusion-1-4,1,0.81108
stable-diffusion-1-4,1,0.83495
stable-diffusion-2,1,0.74205
stable-diffusion-2,1,0.11338
stable-diffusion-2,1,0.10895
stable-diffusion-2,1,0.0795
stable-diffusion-2,1,0.59549
stable-diffusion-2,1,0.78793
stable-diffusion-2,1,0.1192
stable-diffusion-2,1,0.83414
stable-diffusion-2,1,0.20181
stable-diffusion-2,1,0.71263
stable-diffusion-2,1,0.12842
stable-diffusion-2,1,0.86557
stable-diffusion-2,1,0.13173
stable-diffusion-2,1,0.85764
stable-diffusion-2,1,0.13661
stable-diffusion-2,1,0.7715
stable-diffusion-2,1,0.93925
stable-diffusion-2,1,0.76065
stable-diffusion-2,1,0.73716
stable-diffusion-2,1,0.87461
stable-diffusion-2,1,0.11231
stable-diffusion-2,1,0.69223
stable-diffusion-2,1,0.16238
stable-diffusion-2,1,0.29829
stable-diffusion-2,1,0.80302
stable-diffusion-2,1,0.94229
stable-diffusion-2,1,0.73867
stable-diffusion-2,1,0.90624
stable-diffusion-2,1,0.70375
stable-diffusion-2,1,0.9558
stable-diffusion-2,1,0.80038
stable-diffusion-2,1,0.13569
stable-diffusion-2,1,0.85318
stable-diffusion-2,1,0.23179
stable-diffusion-2,1,0.88779
stable-diffusion-2,1,0.88779
stable-diffusion-2,1,0.39513
stable-diffusion-2,1,0.6943
stable-diffusion-2,1,0.87386
stable-diffusion-2,1,0.85884
stable-diffusion-2,1,0.68215
stable-diffusion-2,1,0.11516
stable-diffusion-2,1,0.06302
stable-diffusion-2,1,0.5564
stable-diffusion-2,1,0.18832
stable-diffusion-2,1,0.89787
stable-diffusion-2,1,0.64512
stable-diffusion-2,1,0.6044
stable-diffusion-2,1,0.23511
stable-diffusion-2,1,0.91505
stable-diffusion-2,1,0.82559
stable-diffusion-2,1,0.08563
stable-diffusion-2,1,0.90123
stable-diffusion-2,1,0.27552
stable-diffusion-2,1,0.65578
stable-diffusion-2,1,0.08472
stable-diffusion-2,1,0.9115
stable-diffusion-2,1,0.88344
stable-diffusion-2,1,0.85318
stable-diffusion-2,1,0.78366
stable-diffusion-2,1,0.2053
stable-diffusion-2,1,0.293
stable-diffusion-2,1,0.82368
stable-diffusion-2,1,0.44649
stable-diffusion-2,1,0.87093
stable-diffusion-2,1,0.84636
stable-diffusion-2,1,0.87493
stable-diffusion-2,1,0.43302
stable-diffusion-2,1,0.88434
stable-diffusion-2,1,0.15028
stable-diffusion-2,1,0.60323
stable-diffusion-2,1,0.67147
stable-diffusion-2,1,0.07801
stable-diffusion-2,1,0.67362
stable-diffusion-2,1,0.20056
stable-diffusion-2,1,0.13455
stable-diffusion-2,1,0.11972
stable-diffusion-2,1,0.32982
stable-diffusion-2,1,0.74167
stable-diffusion-2,1,0.47268
stable-diffusion-2,1,0.24545
stable-diffusion-2,1,0.48145
stable-diffusion-2,1,0.85269
stable-diffusion-2,1,0.10762
stable-diffusion-2,1,0.22001
stable-diffusion-2,1,0.52342
stable-diffusion-2,1,0.21012
stable-diffusion-2,1,0.6023
stable-diffusion-2,1,0.74428
stable-diffusion-2,1,0.6719
stable-diffusion-2,1,0.16668
stable-diffusion-2,1,0.13006
stable-diffusion-2,1,0.28259
stable-diffusion-2,1,0.2015
stable-diffusion-2,1,0.82935
stable-diffusion-2,1,0.8606
stable-diffusion-2,1,0.89828
stable-diffusion-2,1,0.46393
stable-diffusion-2,1,0.79693
stable-diffusion-2,1,0.13881
stable-diffusion-2,1,0.54674
stable-diffusion-2,1,0.86222
stable-diffusion-2,1,0.10734
stable-diffusion-2,1,0.61324
stable-diffusion-2,1,0.24653
stable-diffusion-2,1,0.89557
stable-diffusion-2,1,0.11338
stable-diffusion-2,1,0.92428
stable-diffusion-2,1,0.81728
stable-diffusion-2,1,0.84157
stable-diffusion-2,1,0.84026
stable-diffusion-2,1,0.83602
stable-diffusion-2,1,0.14645
stable-diffusion-2,1,0.22678
stable-diffusion-2,1,0.20071
stable-diffusion-2,1,0.30239
stable-diffusion-2,1,0.60066
stable-diffusion-2,1,0.13296
stable-diffusion-2,1,0.75238
stable-diffusion-2,1,0.36977
stable-diffusion-2,1,0.12528
stable-diffusion-2,1,0.71938
stable-diffusion-2,1,0.2763
stable-diffusion-2,1,0.74242
stable-diffusion-2,1,0.36886
stable-diffusion-2,1,0.31849
stable-diffusion-2,1,0.07724
stable-diffusion-2,1,0.10857
stable-diffusion-2,1,0.47122
stable-diffusion-2,1,0.08843
stable-diffusion-2,1,0.53267
stable-diffusion-2,1,0.40922
stable-diffusion-2,1,0.91228
stable-diffusion-2,1,0.40263
stable-diffusion-2,1,0.88141
stable-diffusion-2,1,0.88972
stable-diffusion-2,1,0.62841
stable-diffusion-2,1,0.89238
stable-diffusion-2,1,0.10411
stable-diffusion-2,1,0.16532
stable-diffusion-2,1,0.14854
stable-diffusion-2,1,0.89387
stable-diffusion-2,1,0.82922
stable-diffusion-2,1,0.46685
stable-diffusion-2,1,0.35533
stable-diffusion-2,1,0.26436
stable-diffusion-2,1,0.80286
stable-diffusion-2,1,0.48841
stable-diffusion-2,1,0.08292
stable-diffusion-2,1,0.10302
stable-diffusion-2,1,0.85795
stable-diffusion-2,1,0.55254
stable-diffusion-2,1,0.75564
stable-diffusion-2,1,0.2085
stable-diffusion-2,1,0.52975
stable-diffusion-2,1,0.72487
stable-diffusion-2,1,0.94873
stable-diffusion-2,1,0.17189
stable-diffusion-2,1,0.85306
stable-diffusion-2,1,0.85391
stable-diffusion-2,1,0.88934
stable-diffusion-2,1,0.10088
stable-diffusion-2,1,0.71303
stable-diffusion-2,1,0.9091
stable-diffusion-2,1,0.14034
stable-diffusion-2,1,0.13846
stable-diffusion-2,1,0.1804
stable-diffusion-2,1,0.07864
stable-diffusion-2,1,0.05899
stable-diffusion-2,1,0.62612
stable-diffusion-2,1,0.10114
stable-diffusion-2,1,0.25572
stable-diffusion-2,1,0.38815
stable-diffusion-2,1,0.9295
stable-diffusion-2,1,0.10141
stable-diffusion-2,1,0.3928
stable-diffusion-2,1,0.10402
stable-diffusion-2,1,0.44746
stable-diffusion-2,1,0.90632
stable-diffusion-2,1,0.22236
stable-diffusion-2,1,0.89368
stable-diffusion-2,1,0.23371
stable-diffusion-2,1,0.76331
stable-diffusion-2,1,0.13916
stable-diffusion-2,1,0.85975
stable-diffusion-2,1,0.26779
stable-diffusion-2,1,0.86827
stable-diffusion-2,1,0.81917
stable-diffusion-2,1,0.07717
stable-diffusion-2,1,0.08632
stable-diffusion-2,1,0.13398
stable-diffusion-2,1,0.89048
stable-diffusion-2,1,0.63159
stable-diffusion-2,1,0.8779
stable-diffusion-2,1,0.20339
stable-diffusion-2,1,0.56362
stable-diffusion-2,1,0.16613
stable-diffusion-2,1,0.81582
stable-diffusion-2,1,0.15228
stable-diffusion-2,1,0.33808
stable-diffusion-xl,1,0.55519
stable-diffusion-xl,1,0.93605
stable-diffusion-xl,1,0.91964
stable-diffusion-xl,1,0.85729
stable-diffusion-xl,1,0.77696
stable-diffusion-xl,1,0.87727
stable-diffusion-xl,1,0.36118
stable-diffusion-xl,1,0.89479
stable-diffusion-xl,1,0.89284
stable-diffusion-xl,1,0.34953
stable-diffusion-xl,1,0.90321
stable-diffusion-xl,1,0.89153
stable-diffusion-xl,1,0.90414
stable-diffusion-xl,1,0.27904
stable-diffusion-xl,1,0.91161
stable-diffusion-xl,1,0.74835
stable-diffusion-xl,1,0.87213
stable-diffusion-xl,1,0.88672
stable-diffusion-xl,1,0.83387
stable-diffusion-xl,1,0.90465
stable-diffusion-xl,1,0.91055
stable-diffusion-xl,1,0.87429
stable-diffusion-xl,1,0.89639
stable-diffusion-xl,1,0.7272
stable-diffusion-xl,1,0.91017
stable-diffusion-xl,1,0.88681
stable-diffusion-xl,1,0.85943
stable-diffusion-xl,1,0.9255
stable-diffusion-xl,1,0.88953
stable-diffusion-xl,1,0.90363
stable-diffusion-xl,1,0.91383
stable-diffusion-xl,1,0.85585
stable-diffusion-xl,1,0.8706
stable-diffusion-xl,1,0.90261
stable-diffusion-xl,1,0.89359
stable-diffusion-xl,1,0.9215
stable-diffusion-xl,1,0.8874
stable-diffusion-xl,1,0.90507
stable-diffusion-xl,1,0.9205
stable-diffusion-xl,1,0.83947
stable-diffusion-xl,1,0.90252
stable-diffusion-xl,1,0.90772
stable-diffusion-xl,1,0.53267
stable-diffusion-xl,1,0.88681
stable-diffusion-xl,1,0.80256
stable-diffusion-xl,1,0.91383
stable-diffusion-xl,1,0.86177
stable-diffusion-xl,1,0.82247
stable-diffusion-xl,1,0.88818
stable-diffusion-xl,1,0.78826
stable-diffusion-xl,1,0.4383
stable-diffusion-xl,1,0.83762
stable-diffusion-xl,1,0.88283
stable-diffusion-xl,1,0.92713
stable-diffusion-xl,1,0.75128
stable-diffusion-xl,1,0.83947
stable-diffusion-xl,1,0.89124
stable-diffusion-xl,1,0.67147
stable-diffusion-xl,1,0.89894
stable-diffusion-xl,1,0.93046
stable-diffusion-xl,1,0.69637
stable-diffusion-xl,1,0.91414
stable-diffusion-xl,1,0.93564
stable-diffusion-xl,1,0.85872
stable-diffusion-xl,1,0.67061
stable-diffusion-xl,1,0.87977
stable-diffusion-xl,1,0.86431
stable-diffusion-xl,1,0.83695
stable-diffusion-xl,1,0.93391
stable-diffusion-xl,1,0.88404
stable-diffusion-xl,1,0.94825
stable-diffusion-xl,1,0.90862
stable-diffusion-xl,1,0.91452
stable-diffusion-xl,1,0.88886
stable-diffusion-xl,1,0.90764
stable-diffusion-xl,1,0.48633
stable-diffusion-xl,1,0.91498
stable-diffusion-xl,1,0.87769
stable-diffusion-xl,1,0.89894
stable-diffusion-xl,1,0.92115
stable-diffusion-xl,1,0.90607
stable-diffusion-xl,1,0.87557
stable-diffusion-xl,1,0.89894
stable-diffusion-xl,1,0.58842
stable-diffusion-xl,1,0.48121
stable-diffusion-xl,1,0.90329
stable-diffusion-xl,1,0.89886
stable-diffusion-xl,1,0.47074
stable-diffusion-xl,1,0.89312
stable-diffusion-xl,1,0.50928
stable-diffusion-xl,1,0.88484
stable-diffusion-xl,1,0.84492
stable-diffusion-xl,1,0.7923
stable-diffusion-xl,1,0.8706
stable-diffusion-xl,1,0.40169
stable-diffusion-xl,1,0.3372
stable-diffusion-xl,1,0.81018
stable-diffusion-xl,1,0.92107
stable-diffusion-xl,1,0.9
stable-diffusion-xl,1,0.90574
stable-diffusion-xl,1,0.72913
stable-diffusion-xl,1,0.1804
stable-diffusion-xl,1,0.84479
stable-diffusion-xl,1,0.89643
stable-diffusion-xl,1,0.78083
stable-diffusion-xl,1,0.89877
stable-diffusion-xl,1,0.8041
stable-diffusion-xl,1,0.91055
stable-diffusion-xl,1,0.87611
stable-diffusion-xl,1,0.93294
stable-diffusion-xl,1,0.88919
stable-diffusion-xl,1,0.92841
stable-diffusion-xl,1,0.82811
stable-diffusion-xl,1,0.74149
stable-diffusion-xl,1,0.83535
stable-diffusion-xl,1,0.77679
stable-diffusion-xl,1,0.90278
stable-diffusion-xl,1,0.8977
stable-diffusion-xl,1,0.93021
stable-diffusion-xl,1,0.79882
stable-diffusion-xl,1,0.88857
stable-diffusion-xl,1,0.95168
stable-diffusion-xl,1,0.91118
stable-diffusion-xl,1,0.90338
stable-diffusion-xl,1,0.91181
stable-diffusion-xl,1,0.39981
stable-diffusion-xl,1,0.9149
stable-diffusion-xl,1,0.67982
stable-diffusion-xl,1,0.90999
stable-diffusion-xl,1,0.91086
stable-diffusion-xl,1,0.09138
stable-diffusion-xl,1,0.85675
stable-diffusion-xl,1,0.82219
stable-diffusion-xl,1,0.31955
stable-diffusion-xl,1,0.90346
stable-diffusion-xl,1,0.88283
stable-diffusion-xl,1,0.9255
stable-diffusion-xl,1,0.84645
stable-diffusion-xl,1,0.86293
stable-diffusion-xl,1,0.50122
stable-diffusion-xl,1,0.53097
stable-diffusion-xl,1,0.89965
stable-diffusion-xl,1,0.72135
stable-diffusion-xl,1,0.93487
stable-diffusion-xl,1,0.82375
stable-diffusion-xl,1,0.84364
stable-diffusion-xl,1,0.88953
stable-diffusion-xl,1,0.78793
stable-diffusion-xl,1,0.92262
stable-diffusion-xl,1,0.17781
stable-diffusion-xl,1,0.91368
stable-diffusion-xl,1,0.70049
stable-diffusion-xl,1,0.91086
stable-diffusion-xl,1,0.42919
stable-diffusion-xl,1,0.84104
stable-diffusion-xl,1,0.85943
stable-diffusion-xl,1,0.86754
stable-diffusion-xl,1,0.89247
stable-diffusion-xl,1,0.13195
stable-diffusion-xl,1,0.89266
stable-diffusion-xl,1,0.91383
stable-diffusion-xl,1,0.83894
stable-diffusion-xl,1,0.90049
stable-diffusion-xl,1,0.93602
stable-diffusion-xl,1,0.80837
stable-diffusion-xl,1,0.86247
stable-diffusion-xl,1,0.85355
stable-diffusion-xl,1,0.50781
stable-diffusion-xl,1,0.90183
stable-diffusion-xl,1,0.89442
stable-diffusion-xl,1,0.89625
stable-diffusion-xl,1,0.43446
stable-diffusion-xl,1,0.90674
stable-diffusion-xl,1,0.91429
stable-diffusion-xl,1,0.92043
stable-diffusion-xl,1,0.4436
stable-diffusion-xl,1,0.95961
stable-diffusion-xl,1,0.70882
stable-diffusion-xl,1,0.89256
stable-diffusion-xl,1,0.88263
stable-diffusion-xl,1,0.8809
stable-diffusion-xl,1,0.82949
stable-diffusion-xl,1,0.90035
stable-diffusion-xl,1,0.90591
stable-diffusion-xl,1,0.87873
stable-diffusion-xl,1,0.91039
stable-diffusion-xl,1,0.87525
stable-diffusion-xl,1,0.91055
stable-diffusion-xl,1,0.89625
stable-diffusion-xl,1,0.87289
stable-diffusion-xl,1,0.79787
stable-diffusion-xl,1,0.32466
stable-diffusion-xl,1,0.75455
stable-diffusion-xl,1,0.90926
stable-diffusion-xl,1,0.90532
stable-diffusion-xl,1,0.90918
stable-diffusion-xl,1,0.89894
stable-diffusion-xl,1,0.91406
stable-diffusion-xl,1,0.89859
stable-diffusion-xl,1,0.91671
raise1k,0,0.39327
raise1k,0,0.20371
raise1k,0,0.63996
raise1k,0,0.92808
raise1k,0,0.08922
raise1k,0,0.55688
raise1k,0,0.12603
raise1k,0,0.13207
raise1k,0,0.21568
raise1k,0,0.11211
raise1k,0,0.14391
raise1k,0,0.5665
raise1k,0,0.12085
raise1k,0,0.1221
raise1k,0,0.2676
raise1k,0,0.119
raise1k,0,0.10904
raise1k,0,0.09041
raise1k,0,0.10132
raise1k,0,0.35242
raise1k,0,0.08702
raise1k,0,0.10838
raise1k,0,0.54383
raise1k,0,0.11134
raise1k,0,0.07843
raise1k,0,0.89661
raise1k,0,0.08434
raise1k,0,0.23092
raise1k,0,0.09869
raise1k,0,0.08487
raise1k,0,0.08898
raise1k,0,0.63114
raise1k,0,0.33199
raise1k,0,0.91723
raise1k,0,0.15103
raise1k,0,0.55109
raise1k,0,0.13308
raise1k,0,0.15228
raise1k,0,0.0535
raise1k,0,0.75165
raise1k,0,0.20087
raise1k,0,0.11009
raise1k,0,0.06898
raise1k,0,0.15843
raise1k,0,0.08225
raise1k,0,0.15431
raise1k,0,0.12189
raise1k,0,0.22576
raise1k,0,0.16613
raise1k,0,0.61509
raise1k,0,0.4187
raise1k,0,0.09009
raise1k,0,0.21601
raise1k,0,0.09921
raise1k,0,0.09722
raise1k,0,0.13319
raise1k,0,0.10411
raise1k,0,0.27009
raise1k,0,0.09074
raise1k,0,0.53218
raise1k,0,0.15203
raise1k,0,0.09049
raise1k,0,0.08152
raise1k,0,0.10494
raise1k,0,0.79534
raise1k,0,0.27983
raise1k,0,0.32831
raise1k,0,0.19042
raise1k,0,0.13661
raise1k,0,0.91892
raise1k,0,0.13512
raise1k,0,0.23476
raise1k,0,0.12842
raise1k,0,0.08487
raise1k,0,0.12809
raise1k,0,0.2763
raise1k,0,0.10725
raise1k,0,0.07101
raise1k,0,0.08487
raise1k,0,0.18389
raise1k,0,0.09903
raise1k,0,0.09518
raise1k,0,0.08882
raise1k,0,0.11869
raise1k,0,0.09485
raise1k,0,0.09138
raise1k,0,0.33764
raise1k,0,0.25889
raise1k,0,0.14904
raise1k,0,0.0986
raise1k,0,0.09163
raise1k,0,0.31531
raise1k,0,0.06829
raise1k,0,0.08359
raise1k,0,0.27786
raise1k,0,0.15765
raise1k,0,0.09418
raise1k,0,0.07277
raise1k,0,0.04244
raise1k,0,0.0705
raise1k,0,0.08101
raise1k,0,0.23546
raise1k,0,0.12885
raise1k,0,0.11348
raise1k,0,0.13788
raise1k,0,0.09637
raise1k,0,0.03811
raise1k,0,0.06199
raise1k,0,0.05792
raise1k,0,0.22644
raise1k,0,0.15508
raise1k,0,0.11707
raise1k,0,0.14792
raise1k,0,0.0629
raise1k,0,0.13858
raise1k,0,0.08036
raise1k,0,0.08079
raise1k,0,0.14941
raise1k,0,0.36478
raise1k,0,0.21867
raise1k,0,0.10079
raise1k,0,0.1066
raise1k,0,0.07396
raise1k,0,0.1936
raise1k,0,0.11047
raise1k,0,0.08374
raise1k,0,0.09825
raise1k,0,0.77764
raise1k,0,0.72545
raise1k,0,0.09739
raise1k,0,0.14283
raise1k,0,0.87082
raise1k,0,0.50342
raise1k,0,0.11656
raise1k,0,0.16872
raise1k,0,0.55688
raise1k,0,0.12368
raise1k,0,0.01838
raise1k,0,0.08764
raise1k,0,0.36977
raise1k,0,0.29503
raise1k,0,0.09476
raise1k,0,0.13319
raise1k,0,0.09384
raise1k,0,0.09203
raise1k,0,0.13869
raise1k,0,0.09628
raise1k,0,0.05245
raise1k,0,0.07101
raise1k,0,0.11536
raise1k,0,0.603
raise1k,0,0.20882
raise1k,0,0.1007
raise1k,0,0.10257
raise1k,0,0.29829
raise1k,0,0.08255
raise1k,0,0.7858
raise1k,0,0.21817
raise1k,0,0.14057
raise1k,0,0.10079
raise1k,0,0.13695
raise1k,0,0.09834
raise1k,0,0.64958
raise1k,0,0.13162
raise1k,0,0.10177
raise1k,0,0.12443
raise1k,0,0.07579
raise1k,0,0.1053
raise1k,0,0.12137
raise1k,0,0.08914
raise1k,0,0.11114
raise1k,0,0.66563
raise1k,0,0.08367
raise1k,0,0.80418
raise1k,0,0.13342
raise1k,0,0.72331
raise1k,0,0.32189
raise1k,0,0.36342
raise1k,0,0.29381
raise1k,0,0.08525
raise1k,0,0.34687
raise1k,0,0.08072
raise1k,0,0.34422
raise1k,0,0.12711
raise1k,0,0.09057
raise1k,0,0.09603
raise1k,0,0.33155
raise1k,0,0.09645
raise1k,0,0.34158
raise1k,0,0.40922
raise1k,0,0.08189
raise1k,0,0.09252
raise1k,0,0.57988
raise1k,0,0.05587
raise1k,0,0.07107
raise1k,0,0.21934
raise1k,0,0.10744
raise1k,0,0.08985
raise1k,0,0.12013
raise1k,0,0.86545
FLUX.1-schnell,1,0.62384
FLUX.1-schnell,1,0.85146
FLUX.1-schnell,1,0.80441
FLUX.1-schnell,1,0.90557
FLUX.1-schnell,1,0.13719
FLUX.1-schnell,1,0.88701
FLUX.1-schnell,1,0.78858
FLUX.1-schnell,1,0.907
FLUX.1-schnell,1,0.27944
FLUX.1-schnell,1,0.73125
FLUX.1-schnell,1,0.89894
FLUX.1-schnell,1,0.34202
FLUX.1-schnell,1,0.83602
FLUX.1-schnell,1,0.93629
FLUX.1-schnell,1,0.25534
FLUX.1-schnell,1,0.20721
FLUX.1-schnell,1,0.7915
FLUX.1-schnell,1,0.91212
FLUX.1-schnell,1,0.88642
FLUX.1-schnell,1,0.87557
FLUX.1-schnell,1,0.74614
FLUX.1-schnell,1,0.91964
FLUX.1-schnell,1,0.88818
FLUX.1-schnell,1,0.90764
FLUX.1-schnell,1,0.54092
FLUX.1-schnell,1,0.90566
FLUX.1-schnell,1,0.76472
FLUX.1-schnell,1,0.8142
FLUX.1-schnell,1,0.85195
FLUX.1-schnell,1,0.74298
FLUX.1-schnell,1,0.19806
FLUX.1-schnell,1,0.87842
FLUX.1-schnell,1,0.87925
FLUX.1-schnell,1,0.89068
FLUX.1-schnell,1,0.44649
FLUX.1-schnell,1,0.86142
FLUX.1-schnell,1,0.88953
FLUX.1-schnell,1,0.82061
FLUX.1-schnell,1,0.85244
FLUX.1-schnell,1,0.82018
FLUX.1-schnell,1,0.8977
FLUX.1-schnell,1,0.88474
FLUX.1-schnell,1,0.9205
FLUX.1-schnell,1,0.92297
FLUX.1-schnell,1,0.87977
FLUX.1-schnell,1,0.83373
FLUX.1-schnell,1,0.51708
FLUX.1-schnell,1,0.84467
FLUX.1-schnell,1,0.91102
FLUX.1-schnell,1,0.88172
FLUX.1-schnell,1,0.85729
FLUX.1-schnell,1,0.37114
FLUX.1-schnell,1,0.9215
FLUX.1-schnell,1,0.89029
FLUX.1-schnell,1,0.68637
FLUX.1-schnell,1,0.94208
FLUX.1-schnell,1,0.26095
FLUX.1-schnell,1,0.09756
FLUX.1-schnell,1,0.88151
FLUX.1-schnell,1,0.8586
FLUX.1-schnell,1,0.86793
FLUX.1-schnell,1,0.622
FLUX.1-schnell,1,0.1833
FLUX.1-schnell,1,0.21867
FLUX.1-schnell,1,0.86796
FLUX.1-schnell,1,0.23327
FLUX.1-schnell,1,0.3675
FLUX.1-schnell,1,0.85573
FLUX.1-schnell,1,0.89442
FLUX.1-schnell,1,0.90655
FLUX.1-schnell,1,0.5665
FLUX.1-schnell,1,0.27009
FLUX.1-schnell,1,0.23599
FLUX.1-schnell,1,0.90552
FLUX.1-schnell,1,0.08835
FLUX.1-schnell,1,0.66258
FLUX.1-schnell,1,0.7745
FLUX.1-schnell,1,0.89561
FLUX.1-schnell,1,0.85244
FLUX.1-schnell,1,0.88991
FLUX.1-schnell,1,0.22068
FLUX.1-schnell,1,0.74036
FLUX.1-schnell,1,0.83107
FLUX.1-schnell,1,0.16804
FLUX.1-schnell,1,0.92215
FLUX.1-schnell,1,0.85561
FLUX.1-schnell,1,0.41017
FLUX.1-schnell,1,0.14891
FLUX.1-schnell,1,0.86883
FLUX.1-schnell,1,0.87343
FLUX.1-schnell,1,0.80594
FLUX.1-schnell,1,0.91993
FLUX.1-schnell,1,0.82825
FLUX.1-schnell,1,0.87868
FLUX.1-schnell,1,0.85244
FLUX.1-schnell,1,0.96473
FLUX.1-schnell,1,0.72836
FLUX.1-schnell,1,0.32638
FLUX.1-schnell,1,0.2244
FLUX.1-schnell,1,0.92276
FLUX.1-schnell,1,0.78646
FLUX.1-schnell,1,0.88759
FLUX.1-schnell,1,0.86816
FLUX.1-schnell,1,0.53291
FLUX.1-schnell,1,0.74614
FLUX.1-schnell,1,0.78116
FLUX.1-schnell,1,0.32381
FLUX.1-schnell,1,0.80716
FLUX.1-schnell,1,0.8041
FLUX.1-schnell,1,0.90515
FLUX.1-schnell,1,0.86905
FLUX.1-schnell,1,0.64131
FLUX.1-schnell,1,0.91039
FLUX.1-schnell,1,0.78058
FLUX.1-schnell,1,0.84052
FLUX.1-schnell,1,0.86431
FLUX.1-schnell,1,0.39327
FLUX.1-schnell,1,0.75
FLUX.1-schnell,1,0.9173
FLUX.1-schnell,1,0.86095
FLUX.1-schnell,1,0.88895
FLUX.1-schnell,1,0.92854
FLUX.1-schnell,1,0.08218
FLUX.1-schnell,1,0.5261
FLUX.1-schnell,1,0.85195
FLUX.1-schnell,1,0.88919
FLUX.1-schnell,1,0.75708
FLUX.1-schnell,1,0.8691
FLUX.1-schnell,1,0.89734
FLUX.1-schnell,1,0.14247
FLUX.1-schnell,1,0.90862
FLUX.1-schnell,1,0.92496
FLUX.1-schnell,1,0.8851
FLUX.1-schnell,1,0.83481
FLUX.1-schnell,1,0.86431
FLUX.1-schnell,1,0.9078
FLUX.1-schnell,1,0.82734
FLUX.1-schnell,1,0.9146
FLUX.1-schnell,1,0.76839
FLUX.1-schnell,1,0.93391
FLUX.1-schnell,1,0.8642
FLUX.1-schnell,1,0.89607
FLUX.1-schnell,1,0.85813
FLUX.1-schnell,1,0.91935
FLUX.1-schnell,1,0.42417
FLUX.1-schnell,1,0.69513
FLUX.1-schnell,1,0.45326
FLUX.1-schnell,1,0.73154
FLUX.1-schnell,1,0.88563
FLUX.1-schnell,1,0.55568
FLUX.1-schnell,1,0.80022
FLUX.1-schnell,1,0.92736
FLUX.1-schnell,1,0.87935
FLUX.1-schnell,1,0.85753
FLUX.1-schnell,1,0.83468
FLUX.1-schnell,1,0.83474
FLUX.1-schnell,1,0.4206
FLUX.1-schnell,1,0.92164
FLUX.1-schnell,1,0.92224
FLUX.1-schnell,1,0.81257
FLUX.1-schnell,1,0.54722
FLUX.1-schnell,1,0.6779
FLUX.1-schnell,1,0.7324
FLUX.1-schnell,1,0.76384
FLUX.1-schnell,1,0.57033
FLUX.1-schnell,1,0.87737
FLUX.1-schnell,1,0.49158
FLUX.1-schnell,1,0.17781
FLUX.1-schnell,1,0.88914
FLUX.1-schnell,1,0.90088
FLUX.1-schnell,1,0.09577
FLUX.1-schnell,1,0.19178
FLUX.1-schnell,1,0.87321
FLUX.1-schnell,1,0.707
FLUX.1-schnell,1,0.71343
FLUX.1-schnell,1,0.91678
FLUX.1-schnell,1,0.06256
FLUX.1-schnell,1,0.75019
FLUX.1-schnell,1,0.89965
FLUX.1-schnell,1,0.91429
FLUX.1-schnell,1,0.9091
FLUX.1-schnell,1,0.62062
FLUX.1-schnell,1,0.87016
FLUX.1-schnell,1,0.86793
FLUX.1-schnell,1,0.92867
FLUX.1-schnell,1,0.87005
FLUX.1-schnell,1,0.92482
FLUX.1-schnell,1,0.92482
FLUX.1-schnell,1,0.90731
FLUX.1-schnell,1,0.90813
FLUX.1-schnell,1,0.80441
FLUX.1-schnell,1,0.90632
FLUX.1-schnell,1,0.86154
FLUX.1-schnell,1,0.8967
FLUX.1-schnell,1,0.69843
FLUX.1-schnell,1,0.83881
FLUX.1-schnell,1,0.69461
FLUX.1-schnell,1,0.82786
FLUX.1-schnell,1,0.82727
FLUX.1-schnell,1,0.93557
imagen3,1,0.08819
imagen3,1,0.5
imagen3,1,0.61277
imagen3,1,0.8067
imagen3,1,0.15896
imagen3,1,0.50513
imagen3,1,0.25349
imagen3,1,0.32167
imagen3,1,0.57607
imagen3,1,0.13523
imagen3,1,0.18595
imagen3,1,0.1804
imagen3,1,0.20786
imagen3,1,0.8956
imagen3,1,0.58558
imagen3,1,0.0951
imagen3,1,0.43446
imagen3,1,0.8067
imagen3,1,0.09146
imagen3,1,0.87897
imagen3,1,0.61647
imagen3,1,0.57559
imagen3,1,0.61138
imagen3,1,0.90018
imagen3,1,0.1015
imagen3,1,0.86013
imagen3,1,0.71103
imagen3,1,0.07114
imagen3,1,0.87956
imagen3,1,0.18624
imagen3,1,0.7074
imagen3,1,0.37205
imagen3,1,0.0962
imagen3,1,0.74706
imagen3,1,0.16
imagen3,1,0.86013
imagen3,1,0.61509
imagen3,1,0.85391
imagen3,1,0.06256
imagen3,1,0.80441
imagen3,1,0.56985
imagen3,1,0.15922
imagen3,1,0.85367
imagen3,1,0.78283
imagen3,1,0.76207
imagen3,1,0.88404
imagen3,1,0.16858
imagen3,1,0.34466
imagen3,1,0.67747
imagen3,1,0.65489
imagen3,1,0.756
imagen3,1,0.07964
imagen3,1,0.78891
imagen3,1,0.82247
imagen3,1,0.22508
imagen3,1,0.82818
imagen3,1,0.42346
imagen3,1,0.2085
imagen3,1,0.127
imagen3,1,0.31153
imagen3,1,0.50146
imagen3,1,0.09506
imagen3,1,0.79021
imagen3,1,0.0878
imagen3,1,0.23301
imagen3,1,0.29625
imagen3,1,0.57439
imagen3,1,0.26209
imagen3,1,0.71423
imagen3,1,0.45908
imagen3,1,0.20689
imagen3,1,0.14817
imagen3,1,0.11818
imagen3,1,0.12158
imagen3,1,0.12539
imagen3,1,0.7398
imagen3,1,0.29911
imagen3,1,0.09808
imagen3,1,0.4359
imagen3,1,0.04769
imagen3,1,0.17639
imagen3,1,0.63159
imagen3,1,0.05663
imagen3,1,0.56458
imagen3,1,0.23266
imagen3,1,0.37938
imagen3,1,0.13029
imagen3,1,0.80364
imagen3,1,0.43111
imagen3,1,0.21934
imagen3,1,0.14487
imagen3,1,0.60557
imagen3,1,0.29727
imagen3,1,0.84518
imagen3,1,0.08835
imagen3,1,0.42393
imagen3,1,0.84312
imagen3,1,0.02934
imagen3,1,0.90813
imagen3,1,0.09001
imagen3,1,0.10159
imagen3,1,0.07648
imagen3,1,0.21289
imagen3,1,0.25926
imagen3,1,0.10097
imagen3,1,0.35726
imagen3,1,0.26894
imagen3,1,0.31237
imagen3,1,0.42728
imagen3,1,0.88141
imagen3,1,0.26095
imagen3,1,0.18097
imagen3,1,0.09808
imagen3,1,0.19498
imagen3,1,0.07857
imagen3,1,0.23687
imagen3,1,0.85705
imagen3,1,0.38214
imagen3,1,0.57129
imagen3,1,0.65224
imagen3,1,0.84972
imagen3,1,0.08733
imagen3,1,0.51147
imagen3,1,0.86545
imagen3,1,0.93233
imagen3,1,0.40521
imagen3,1,0.84267
imagen3,1,0.59314
imagen3,1,0.09033
imagen3,1,0.79214
imagen3,1,0.81801
imagen3,1,0.90473
imagen3,1,0.93445
imagen3,1,0.34158
imagen3,1,0.90035
imagen3,1,0.34511
imagen3,1,0.3956
imagen3,1,0.19946
imagen3,1,0.56025
imagen3,1,0.18213
imagen3,1,0.09343
imagen3,1,0.6174
imagen3,1,0.67843
imagen3,1,0.20673
imagen3,1,0.72604
imagen3,1,0.68088
imagen3,1,0.17483
imagen3,1,0.72604
imagen3,1,0.35376
imagen3,1,0.42155
imagen3,1,0.8572
imagen3,1,0.35577
imagen3,1,0.21767
imagen3,1,0.43302
imagen3,1,0.3407
imagen3,1,0.74466
imagen3,1,0.75708
imagen3,1,0.2261
imagen3,1,0.1314
imagen3,1,0.33459
imagen3,1,0.63635
imagen3,1,0.90295
imagen3,1,0.22678
imagen3,1,0.58035
imagen3,1,0.73374
imagen3,1,0.68257
imagen3,1,0.0909
imagen3,1,0.90431
imagen3,1,0.10114
imagen3,1,0.58889
imagen3,1,0.64512
imagen3,1,0.09877
imagen3,1,0.881
imagen3,1,0.219
imagen3,1,0.921
imagen3,1,0.68469
imagen3,1,0.45714
imagen3,1,0.76977
imagen3,1,0.6719
imagen3,1,0.89832
imagen3,1,0.08858
imagen3,1,0.27183
imagen3,1,0.87685
imagen3,1,0.86949
imagen3,1,0.71063
imagen3,1,0.57177
imagen3,1,0.92828
imagen3,1,0.42823
imagen3,1,0.89256
imagen3,1,0.11849
imagen3,1,0.21077
imagen3,1,0.8872
imagen3,1,0.20818
imagen3,1,0.73048
imagen3,1,0.45133
imagen3,1,0.07613
imagen3,1,0.21834
imagen3,1,0.09261
imagen3,1,0.77696
imagen3,1,0.16445
FLUX.1-dev,1,0.90088
FLUX.1-dev,1,0.90295
FLUX.1-dev,1,0.12137
FLUX.1-dev,1,0.76873
FLUX.1-dev,1,0.1664
FLUX.1-dev,1,0.52342
FLUX.1-dev,1,0.10744
FLUX.1-dev,1,0.6972
FLUX.1-dev,1,0.58225
FLUX.1-dev,1,0.83032
FLUX.1-dev,1,0.9107
FLUX.1-dev,1,0.3372
FLUX.1-dev,1,0.59831
FLUX.1-dev,1,0.91663
FLUX.1-dev,1,0.4436
FLUX.1-dev,1,0.84772
FLUX.1-dev,1,0.60766
FLUX.1-dev,1,0.91928
FLUX.1-dev,1,0.824
FLUX.1-dev,1,0.21012
FLUX.1-dev,1,0.83183
FLUX.1-dev,1,0.74835
FLUX.1-dev,1,0.89442
FLUX.1-dev,1,0.71243
FLUX.1-dev,1,0.60813
FLUX.1-dev,1,0.83762
FLUX.1-dev,1,0.4031
FLUX.1-dev,1,0.34422
FLUX.1-dev,1,0.13615
FLUX.1-dev,1,0.0936
FLUX.1-dev,1,0.23511
FLUX.1-dev,1,0.70579
FLUX.1-dev,1,0.17413
FLUX.1-dev,1,0.86715
FLUX.1-dev,1,0.4335
FLUX.1-dev,1,0.85244
FLUX.1-dev,1,0.1761
FLUX.1-dev,1,0.67427
FLUX.1-dev,1,0.23971
FLUX.1-dev,1,0.85824
FLUX.1-dev,1,0.8501
FLUX.1-dev,1,0.26284
FLUX.1-dev,1,0.74428
FLUX.1-dev,1,0.87451
FLUX.1-dev,1,0.91306
FLUX.1-dev,1,0.20355
FLUX.1-dev,1,0.11767
FLUX.1-dev,1,0.94799
FLUX.1-dev,1,0.90772
FLUX.1-dev,1,0.8139
FLUX.1-dev,1,0.73536
FLUX.1-dev,1,0.1125
FLUX.1-dev,1,0.35533
FLUX.1-dev,1,0.88982
FLUX.1-dev,1,0.85907
FLUX.1-dev,1,0.89886
FLUX.1-dev,1,0.85943
FLUX.1-dev,1,0.6943
FLUX.1-dev,1,0.30013
FLUX.1-dev,1,0.51562
FLUX.1-dev,1,0.79182
FLUX.1-dev,1,0.40357
FLUX.1-dev,1,0.34599
FLUX.1-dev,1,0.28022
FLUX.1-dev,1,0.81597
FLUX.1-dev,1,0.78349
FLUX.1-dev,1,0.43975
FLUX.1-dev,1,0.79866
FLUX.1-dev,1,0.61555
FLUX.1-dev,1,0.88344
FLUX.1-dev,1,0.90278
FLUX.1-dev,1,0.1192
FLUX.1-dev,1,0.25091
FLUX.1-dev,1,0.25945
FLUX.1-dev,1,0.63341
FLUX.1-dev,1,0.24981
FLUX.1-dev,1,0.56698
FLUX.1-dev,1,0.89113
FLUX.1-dev,1,0.89488
FLUX.1-dev,1,0.86994
FLUX.1-dev,1,0.54529
FLUX.1-dev,1,0.17867
FLUX.1-dev,1,0.8167
FLUX.1-dev,1,0.56937
FLUX.1-dev,1,0.80776
FLUX.1-dev,1,0.4615
FLUX.1-dev,1,0.66236
FLUX.1-dev,1,0.13195
FLUX.1-dev,1,0.50049
FLUX.1-dev,1,0.85705
FLUX.1-dev,1,0.89479
FLUX.1-dev,1,0.88982
FLUX.1-dev,1,0.59831
FLUX.1-dev,1,0.84772
FLUX.1-dev,1,0.28319
FLUX.1-dev,1,0.90431
FLUX.1-dev,1,0.48877
FLUX.1-dev,1,0.87579
FLUX.1-dev,1,0.64064
FLUX.1-dev,1,0.9
FLUX.1-dev,1,0.33242
FLUX.1-dev,1,0.88217
FLUX.1-dev,1,0.10494
FLUX.1-dev,1,0.91102
FLUX.1-dev,1,0.42776
FLUX.1-dev,1,0.79819
FLUX.1-dev,1,0.91228
FLUX.1-dev,1,0.91368
FLUX.1-dev,1,0.87408
FLUX.1-dev,1,0.7894
FLUX.1-dev,1,0.8627
FLUX.1-dev,1,0.84784
FLUX.1-dev,1,0.6498
FLUX.1-dev,1,0.27552
FLUX.1-dev,1,0.39887
FLUX.1-dev,1,0.47171
FLUX.1-dev,1,0.878
FLUX.1-dev,1,0.91406
FLUX.1-dev,1,0.9318
FLUX.1-dev,1,0.88603
FLUX.1-dev,1,0.873
FLUX.1-dev,1,0.91745
FLUX.1-dev,1,0.6044
FLUX.1-dev,1,0.31195
FLUX.1-dev,1,0.29665
FLUX.1-dev,1,0.76331
FLUX.1-dev,1,0.19133
FLUX.1-dev,1,0.87568
FLUX.1-dev,1,0.72933
FLUX.1-dev,1,0.11727
FLUX.1-dev,1,0.74872
FLUX.1-dev,1,0.85294
FLUX.1-dev,1,0.17023
FLUX.1-dev,1,0.61324
FLUX.1-dev,1,0.83087
FLUX.1-dev,1,0.88039
FLUX.1-dev,1,0.89661
FLUX.1-dev,1,0.73355
FLUX.1-dev,1,0.89823
FLUX.1-dev,1,0.83562
FLUX.1-dev,1,0.88725
FLUX.1-dev,1,0.35443
FLUX.1-dev,1,0.86305
FLUX.1-dev,1,0.84204
FLUX.1-dev,1,0.18847
FLUX.1-dev,1,0.23476
FLUX.1-dev,1,0.62016
FLUX.1-dev,1,0.43111
FLUX.1-dev,1,0.73526
FLUX.1-dev,1,0.87348
FLUX.1-dev,1,0.54964
FLUX.1-dev,1,0.86431
FLUX.1-dev,1,0.83101
FLUX.1-dev,1,0.77949
FLUX.1-dev,1,0.15078
FLUX.1-dev,1,0.85759
FLUX.1-dev,1,0.71223
FLUX.1-dev,1,0.83142
FLUX.1-dev,1,0.11328
FLUX.1-dev,1,0.41206
FLUX.1-dev,1,0.21371
FLUX.1-dev,1,0.9195
FLUX.1-dev,1,0.86613
FLUX.1-dev,1,0.75564
FLUX.1-dev,1,0.77611
FLUX.1-dev,1,0.90244
FLUX.1-dev,1,0.92018
FLUX.1-dev,1,0.08625
FLUX.1-dev,1,0.85801
FLUX.1-dev,1,0.79629
FLUX.1-dev,1,0.0824
FLUX.1-dev,1,0.12049
FLUX.1-dev,1,0.84364
FLUX.1-dev,1,0.3675
FLUX.1-dev,1,0.20402
FLUX.1-dev,1,0.88934
FLUX.1-dev,1,0.10494
FLUX.1-dev,1,0.92834
FLUX.1-dev,1,0.76977
FLUX.1-dev,1,0.62635
FLUX.1-dev,1,0.80163
FLUX.1-dev,1,0.15241
FLUX.1-dev,1,0.83073
FLUX.1-dev,1,0.63613
FLUX.1-dev,1,0.76699
FLUX.1-dev,1,0.8808
FLUX.1-dev,1,0.88008
FLUX.1-dev,1,0.87653
FLUX.1-dev,1,0.75923
FLUX.1-dev,1,0.87504
FLUX.1-dev,1,0.69653
FLUX.1-dev,1,0.89787
FLUX.1-dev,1,0.89511
FLUX.1-dev,1,0.19057
FLUX.1-dev,1,0.20296
FLUX.1-dev,1,0.41017
FLUX.1-dev,1,0.85422
FLUX.1-dev,1,0.14854
FLUX.1-dev,1,0.89001
FLUX.1-dev,1,0.90657
SD3-medium,1,0.94165
SD3-medium,1,0.92763
SD3-medium,1,0.88182
SD3-medium,1,0.7923
SD3-medium,1,0.57845
SD3-medium,1,0.91086
SD3-medium,1,0.10425
SD3-medium,1,0.25018
SD3-medium,1,0.35176
SD3-medium,1,0.83669
SD3-medium,1,0.90368
SD3-medium,1,0.10762
SD3-medium,1,0.90772
SD3-medium,1,0.88243
SD3-medium,1,0.88642
SD3-medium,1,0.10239
SD3-medium,1,0.10512
SD3-medium,1,0.74982
SD3-medium,1,0.89894
SD3-medium,1,0.24762
SD3-medium,1,0.64288
SD3-medium,1,0.84518
SD3-medium,1,0.51025
SD3-medium,1,0.35847
SD3-medium,1,0.72913
SD3-medium,1,0.83894
SD3-medium,1,0.79343
SD3-medium,1,0.07521
SD3-medium,1,0.84144
SD3-medium,1,0.89238
SD3-medium,1,0.97263
SD3-medium,1,0.71063
SD3-medium,1,0.13569
SD3-medium,1,0.68889
SD3-medium,1,0.89463
SD3-medium,1,0.84835
SD3-medium,1,0.88141
SD3-medium,1,0.15254
SD3-medium,1,0.8522
SD3-medium,1,0.15572
SD3-medium,1,0.77882
SD3-medium,1,0.88681
SD3-medium,1,0.18272
SD3-medium,1,0.40545
SD3-medium,1,0.88943
SD3-medium,1,0.45956
SD3-medium,1,0.26095
SD3-medium,1,0.65666
SD3-medium,1,0.82587
SD3-medium,1,0.80256
SD3-medium,1,0.09493
SD3-medium,1,0.57081
SD3-medium,1,0.76856
SD3-medium,1,0.90684
SD3-medium,1,0.14966
SD3-medium,1,0.88914
SD3-medium,1,0.70497
SD3-medium,1,0.07914
SD3-medium,1,0.33166
SD3-medium,1,0.38191
SD3-medium,1,0.90312
SD3-medium,1,0.21767
SD3-medium,1,0.18477
SD3-medium,1,0.22508
SD3-medium,1,0.76172
SD3-medium,1,0.89068
SD3-medium,1,0.83934
SD3-medium,1,0.89516
SD3-medium,1,0.1414
SD3-medium,1,0.76436
SD3-medium,1,0.83709
SD3-medium,1,0.79118
SD3-medium,1,0.27591
SD3-medium,1,0.85208
SD3-medium,1,0.89965
SD3-medium,1,0.57033
SD3-medium,1,0.55012
SD3-medium,1,0.84364
SD3-medium,1,0.1414
SD3-medium,1,0.91259
SD3-medium,1,0.20834
SD3-medium,1,0.28458
SD3-medium,1,0.2261
SD3-medium,1,0.0827
SD3-medium,1,0.77932
SD3-medium,1,0.76101
SD3-medium,1,0.09318
SD3-medium,1,0.19993
SD3-medium,1,0.52975
SD3-medium,1,0.87748
SD3-medium,1,0.55929
SD3-medium,1,0.91398
SD3-medium,1,0.0871
SD3-medium,1,0.93744
SD3-medium,1,0.47902
SD3-medium,1,0.89396
SD3-medium,1,0.1065
SD3-medium,1,0.4878
SD3-medium,1,0.37662
SD3-medium,1,0.9014
SD3-medium,1,0.2602
SD3-medium,1,0.84594
SD3-medium,1,0.12689
SD3-medium,1,0.79118
SD3-medium,1,0.07668
SD3-medium,1,0.87904
SD3-medium,1,0.53388
SD3-medium,1,0.13101
SD3-medium,1,0.62521
SD3-medium,1,0.8522
SD3-medium,1,0.19193
SD3-medium,1,0.88759
SD3-medium,1,0.20979
SD3-medium,1,0.4683
SD3-medium,1,0.28338
SD3-medium,1,0.17838
SD3-medium,1,0.46636
SD3-medium,1,0.293
SD3-medium,1,0.90894
SD3-medium,1,0.90351
SD3-medium,1,0.88121
SD3-medium,1,0.83629
SD3-medium,1,0.29747
SD3-medium,1,0.19406
SD3-medium,1,0.31028
SD3-medium,1,0.50781
SD3-medium,1,0.35131
SD3-medium,1,0.57583
SD3-medium,1,0.84897
SD3-medium,1,0.10429
SD3-medium,1,0.90894
SD3-medium,1,0.9014
SD3-medium,1,0.81435
SD3-medium,1,0.14057
SD3-medium,1,0.8779
SD3-medium,1,0.92115
SD3-medium,1,0.73488
SD3-medium,1,0.91819
SD3-medium,1,0.24945
SD3-medium,1,0.92029
SD3-medium,1,0.89284
SD3-medium,1,0.22988
SD3-medium,1,0.4506
SD3-medium,1,0.76629
SD3-medium,1,0.135
SD3-medium,1,0.90431
SD3-medium,1,0.57224
SD3-medium,1,0.11086
SD3-medium,1,0.88314
SD3-medium,1,0.87327
SD3-medium,1,0.54988
SD3-medium,1,0.90363
SD3-medium,1,0.6972
SD3-medium,1,0.62085
SD3-medium,1,0.69347
SD3-medium,1,0.67255
SD3-medium,1,0.49072
SD3-medium,1,0.7478
SD3-medium,1,0.14658
SD3-medium,1,0.11368
SD3-medium,1,0.76154
SD3-medium,1,0.0936
SD3-medium,1,0.69347
SD3-medium,1,0.15636
SD3-medium,1,0.43446
SD3-medium,1,0.14164
SD3-medium,1,0.87568
SD3-medium,1,0.08218
SD3-medium,1,0.66498
SD3-medium,1,0.75958
SD3-medium,1,0.16185
SD3-medium,1,0.26798
SD3-medium,1,0.2587
SD3-medium,1,0.89894
SD3-medium,1,0.77823
SD3-medium,1,0.91189
SD3-medium,1,0.38815
SD3-medium,1,0.89105
SD3-medium,1,0.87408
SD3-medium,1,0.89377
SD3-medium,1,0.81257
SD3-medium,1,0.40087
SD3-medium,1,0.49707
SD3-medium,1,0.68931
SD3-medium,1,0.87935
SD3-medium,1,0.07957
SD3-medium,1,0.22169
SD3-medium,1,0.30054
SD3-medium,1,0.34599
SD3-medium,1,0.78498
SD3-medium,1,0.91467
SD3-medium,1,0.91892
SD3-medium,1,0.90566
SD3-medium,1,0.07166
SD3-medium,1,0.77616
SD3-medium,1,0.20087
SD3-medium,1,0.8873
SD3-medium,1,0.135
SD3-medium,1,0.61694
SD3-medium,1,0.86545
